--
-- PostgreSQL database dump
--

\restrict Po09VSMMSq7ksh0jDm9Z4xbbIrHqewNX4ULM8aUayYaaoHG34hGwsbQ8bXJlSf7

-- Dumped from database version 18.3
-- Dumped by pg_dump version 18.3

SET statement_timeout = 0;
SET lock_timeout = 0;
SET idle_in_transaction_session_timeout = 0;
SET transaction_timeout = 0;
SET client_encoding = 'UTF8';
SET standard_conforming_strings = on;
SELECT pg_catalog.set_config('search_path', '', false);
SET check_function_bodies = false;
SET xmloption = content;
SET client_min_messages = warning;
SET row_security = off;

--
-- Data for Name: Company; Type: TABLE DATA; Schema: public; Owner: postgres
--

INSERT INTO public."Company" (id, "publicId", "legalName", "tradeName", cnpj, "responsibleName", "responsibleWhatsapp", email, status, "passwordHash", phone, city, neighborhood, category, "instagramUrl", "facebookUrl", "tiktokUrl", "googleBusinessUrl", "websiteUrl", "approvedAt", "rejectedAt", "rejectionReason", plan, "planStatus", "tokensBalance", "tokensMonthlyLimit", "tokensUsedThisCycle", "billingCycleStart", "billingCycleEnd", "createdAt", "updatedAt") VALUES ('cmox0cfeq0000i14or7jj0chn', 'OKG-EMP-TEST-FLOW', 'Academia Teste OKEGANHA LTDA', 'Academia Teste OKEGANHA', '99999999000191', 'Responsavel Teste', '11911111111', 'empresa.teste@okeganha.local', 'ACTIVE', '$2b$10$c.nSHSEDzGm145gm9Wd/r.cGyNStD4O2NwoZD3BylGrue.ziGYozq', '11911111111', 'Sao Paulo', 'Centro', 'Fitness', 'https://instagram.com/okeganha_teste', 'https://facebook.com/okeganha.teste', 'https://tiktok.com/@okeganha_teste', 'https://maps.google.com/?q=Academia+Teste+OKEGANHA', 'https://okeganha.local/empresa-teste', '2026-05-08 14:25:49.729', '1970-01-01 00:00:00', '', 'PREMIUM', 'ACTIVE', 5000, 5000, 0, '2026-05-08 14:25:49.729', '2026-06-07 14:25:49.729', '2026-05-08 14:25:49.826', '2026-05-08 14:25:49.826');
INSERT INTO public."Company" (id, "publicId", "legalName", "tradeName", cnpj, "responsibleName", "responsibleWhatsapp", email, status, "passwordHash", phone, city, neighborhood, category, "instagramUrl", "facebookUrl", "tiktokUrl", "googleBusinessUrl", "websiteUrl", "approvedAt", "rejectedAt", "rejectionReason", plan, "planStatus", "tokensBalance", "tokensMonthlyLimit", "tokensUsedThisCycle", "billingCycleStart", "billingCycleEnd", "createdAt", "updatedAt") VALUES ('cmof7mh4h0004i1c8e92k62xv', 'OKG-EMP-000001', 'OKEGANHA Empresa Teste LTDA', 'OKEGANHA Empresa Teste', '12345678000199', 'Responsável Empresa', '11922223333', 'empresa@okeganha.com', 'ACTIVE', '$2b$12$4HCVGk6MxA10/a5JWNROq.tLypXuchin.fDx8rt18cr7TcoCVg.6K', '11922223333', 'São Paulo', 'Centro', 'Varejo local', 'https://instagram.com/empresa_teste', 'https://facebook.com/empresa_teste', 'https://tiktok.com/@empresa_teste', 'https://maps.google.com/?q=empresa+teste', 'https://empresa-teste.exemplo.com', '2026-04-26 03:30:47.143', '1969-12-31 21:00:00', '', 'PREMIUM', 'ACTIVE', 1500, 1500, 0, '2026-04-26 03:29:44.751', '2026-05-26 03:29:44.751', '2026-04-26 03:29:44.754', '2026-04-26 03:30:47.145');
INSERT INTO public."Company" (id, "publicId", "legalName", "tradeName", cnpj, "responsibleName", "responsibleWhatsapp", email, status, "passwordHash", phone, city, neighborhood, category, "instagramUrl", "facebookUrl", "tiktokUrl", "googleBusinessUrl", "websiteUrl", "approvedAt", "rejectedAt", "rejectionReason", plan, "planStatus", "tokensBalance", "tokensMonthlyLimit", "tokensUsedThisCycle", "billingCycleStart", "billingCycleEnd", "createdAt", "updatedAt") VALUES ('cmof7vx5a0000i15k0rq29msn', 'OKG-EMP-000002', 'Manioz LTDA', 'LELELE', '45816515151153', 'Nicollas Gaefke', '13974100193', 'admin@pousada.local', 'ACTIVE', '$2b$12$licwL3JsKhSzh7UneAEeR.rmRYGZ2m1sI2SNhcMzfd/HeJvebUIDe', '', 'Praia Grande', 'CENTRO', 'moveis', 'https://www.instagram.com/nicollasperes', 'https://www.instagram.com/nicollasperes', 'https://www.instagram.com/nicollasperes', '', '', '2026-04-26 03:37:31.142', '1969-12-31 21:00:00', '', 'ENTERPRISE', 'ACTIVE', 20050, 5000, 0, '2026-04-26 03:37:05.419', '2026-05-26 03:37:05.419', '2026-04-26 03:37:05.422', '2026-04-26 03:38:25.816');


--
-- Data for Name: User; Type: TABLE DATA; Schema: public; Owner: postgres
--

INSERT INTO public."User" (id, name, email, "passwordHash", phone, cpf, "pixKey", "pixType", "bankName", "onboardingCompleted", "identityVerificationStatus", status, role, "companyId", "createdAt", "updatedAt", energy, "isVerifiedProfile", "lastEnergyRefill", level, "maxEnergy", "trustScore", xp) VALUES ('cmovou8io0000i170mfkitndo', 'Nicollas peres gaefke', 'gabi@gmail.com', '$2b$12$1wEwxtOl9BiBMNBGBUNe2eYhZkF/XDO48Azny2FKqpksfmBDGZN2m', '13074100192', '45811125830', '45811125830', 'CPF', 'Santander', true, 'NOT_VERIFIED', 'ACTIVE', 'USER', NULL, '2026-05-07 16:15:59.135', '2026-05-07 16:16:20.484', 1000, false, '2026-05-07 16:15:59.135', 1, 1000, 500, 0);
INSERT INTO public."User" (id, name, email, "passwordHash", phone, cpf, "pixKey", "pixType", "bankName", "onboardingCompleted", "identityVerificationStatus", status, role, "companyId", "createdAt", "updatedAt", energy, "isVerifiedProfile", "lastEnergyRefill", level, "maxEnergy", "trustScore", xp) VALUES ('cmox0cfiv0002i14oxy1rbnzv', 'Empresa Teste OKEGANHA', 'empresa.teste@okeganha.local', '$2b$10$4emqipC/MrA8K28EOzfgnO7m5TnzZ5nHL1p5F6pAwaOJBjQ0TTmd2', '11911111111', NULL, NULL, 'CPF', NULL, false, 'NOT_VERIFIED', 'ACTIVE', 'COMPANY', 'cmox0cfeq0000i14or7jj0chn', '2026-05-08 14:25:49.975', '2026-05-08 14:25:49.975', 1000, false, '2026-05-08 14:25:49.975', 1, 1000, 500, 0);
INSERT INTO public."User" (id, name, email, "passwordHash", phone, cpf, "pixKey", "pixType", "bankName", "onboardingCompleted", "identityVerificationStatus", status, role, "companyId", "createdAt", "updatedAt", energy, "isVerifiedProfile", "lastEnergyRefill", level, "maxEnergy", "trustScore", xp) VALUES ('cmof7mh4f0003i1c8dvtje852', 'Usuário Teste', 'usuario@okeganha.com', '$2b$12$BW8Y142SFmhhVOPpqPAWnutODsVOwSwDcyVEcDWw6ARl5MspdsN9G', '11999999999', '12345678900', '12345678900', 'CPF', 'Nubank', true, 'VERIFIED', 'ACTIVE', 'USER', NULL, '2026-04-26 03:29:44.751', '2026-04-26 03:30:47.139', 1000, false, '2026-05-07 03:17:31.177', 1, 1000, 500, 0);
INSERT INTO public."User" (id, name, email, "passwordHash", phone, cpf, "pixKey", "pixType", "bankName", "onboardingCompleted", "identityVerificationStatus", status, role, "companyId", "createdAt", "updatedAt", energy, "isVerifiedProfile", "lastEnergyRefill", level, "maxEnergy", "trustScore", xp) VALUES ('cmof7mh4l0008i1c837bwye2w', 'Responsável Empresa', 'empresa@okeganha.com', '$2b$12$9FmDT6QPFoeoT/eMK7jE5eOncvM7T97aW4w4rnZ8CtBE.rceFxIpW', '11922223333', NULL, NULL, 'CPF', NULL, false, 'NOT_VERIFIED', 'ACTIVE', 'COMPANY', 'cmof7mh4h0004i1c8e92k62xv', '2026-04-26 03:29:44.758', '2026-04-26 03:30:47.148', 1000, false, '2026-05-07 03:17:31.177', 1, 1000, 500, 0);
INSERT INTO public."User" (id, name, email, "passwordHash", phone, cpf, "pixKey", "pixType", "bankName", "onboardingCompleted", "identityVerificationStatus", status, role, "companyId", "createdAt", "updatedAt", energy, "isVerifiedProfile", "lastEnergyRefill", level, "maxEnergy", "trustScore", xp) VALUES ('cmof7vx690004i15kq0gn1afk', 'Nicollas Gaefke', 'admin@pousada.local', '$2b$12$licwL3JsKhSzh7UneAEeR.rmRYGZ2m1sI2SNhcMzfd/HeJvebUIDe', '13974100193', NULL, NULL, 'CPF', NULL, false, 'NOT_VERIFIED', 'ACTIVE', 'COMPANY', 'cmof7vx5a0000i15k0rq29msn', '2026-04-26 03:37:05.457', '2026-04-26 03:37:31.151', 1000, false, '2026-05-07 03:17:31.177', 1, 1000, 500, 0);
INSERT INTO public."User" (id, name, email, "passwordHash", phone, cpf, "pixKey", "pixType", "bankName", "onboardingCompleted", "identityVerificationStatus", status, role, "companyId", "createdAt", "updatedAt", energy, "isVerifiedProfile", "lastEnergyRefill", level, "maxEnergy", "trustScore", xp) VALUES ('cmoumohvb0006i1k8nmm4sooy', 'Nicollas Gaefke', 'gabinobeat@gmail.com', '$2b$12$LYI3UCsxLo7r9zhEAyCJo.lUMYcvOKdd8xSV0COJscsiuQEZ4ueKu', '13974100193', '45811125836', '45811125836', 'CPF', 'Caixa Economica Federal', true, 'NOT_VERIFIED', 'ACTIVE', 'USER', NULL, '2026-05-06 22:27:45.912', '2026-05-06 22:28:00.009', 1000, false, '2026-05-07 03:17:31.177', 1, 1000, 500, 0);
INSERT INTO public."User" (id, name, email, "passwordHash", phone, cpf, "pixKey", "pixType", "bankName", "onboardingCompleted", "identityVerificationStatus", status, role, "companyId", "createdAt", "updatedAt", energy, "isVerifiedProfile", "lastEnergyRefill", level, "maxEnergy", "trustScore", xp) VALUES ('cmof7mh4b0001i1c815ziftd8', 'Admin OKEGANHA', 'admin@okeganha.com', '$2b$12$hBNVrZgqyfEnWFiB0X.aoentz6qPvOqihPFDQm/mfEh0kzoYTIiKe', '', NULL, NULL, 'CPF', NULL, true, 'VERIFIED', 'ACTIVE', 'ADMIN', NULL, '2026-04-26 03:29:44.747', '2026-04-26 03:30:47.129', 1000, false, '2026-05-07 03:17:31.177', 1, 1000, 500, 0);
INSERT INTO public."User" (id, name, email, "passwordHash", phone, cpf, "pixKey", "pixType", "bankName", "onboardingCompleted", "identityVerificationStatus", status, role, "companyId", "createdAt", "updatedAt", energy, "isVerifiedProfile", "lastEnergyRefill", level, "maxEnergy", "trustScore", xp) VALUES ('cmoum2z880000i1ms4ss4fk10', 'atacado sexsp', 'atacadosexsp@gmail.com', '', '', NULL, NULL, 'CPF', NULL, false, 'NOT_VERIFIED', 'ACTIVE', 'USER', NULL, '2026-05-06 22:11:01.975', '2026-05-06 22:11:01.975', 1000, false, '2026-05-07 03:17:31.177', 1, 1000, 500, 0);
INSERT INTO public."User" (id, name, email, "passwordHash", phone, cpf, "pixKey", "pixType", "bankName", "onboardingCompleted", "identityVerificationStatus", status, role, "companyId", "createdAt", "updatedAt", energy, "isVerifiedProfile", "lastEnergyRefill", level, "maxEnergy", "trustScore", xp) VALUES ('cmox0cfnu000ci14ogmgitmrg', 'Usuario Teste OKEGANHA', 'usuario.teste@okeganha.local', '$2b$10$knfdMLCNhvPJQb5FiWuzR.YNCDYOrRuKFKvEBUSk.aeKBK9iVVK0q', '11999999999', NULL, NULL, 'CPF', NULL, true, 'NOT_VERIFIED', 'ACTIVE', 'USER', NULL, '2026-05-08 14:25:50.154', '2026-05-09 20:19:45.835', 969, false, '2026-05-09 20:19:45.807', 1, 1000, 500, 0);
INSERT INTO public."User" (id, name, email, "passwordHash", phone, cpf, "pixKey", "pixType", "bankName", "onboardingCompleted", "identityVerificationStatus", status, role, "companyId", "createdAt", "updatedAt", energy, "isVerifiedProfile", "lastEnergyRefill", level, "maxEnergy", "trustScore", xp) VALUES ('cmov6knsm0002i1r0qskuw2b4', 'Nicollas Gaefke', 'nicollas@gmail.com', '$2b$12$lOaoi5.aXkvB1zN2fd.fe.PZMGugbPI6/8l.9zOaXV0oGg1JdaU/i', '13974100193', '48306755863', '48306755863', 'CPF', 'Neon', true, 'NOT_VERIFIED', 'ACTIVE', 'USER', NULL, '2026-05-07 07:44:39.286', '2026-05-09 23:08:05.953', 938, false, '2026-05-09 23:06:58.39', 1, 1000, 500, 0);


--
-- Data for Name: AdminAuditLog; Type: TABLE DATA; Schema: public; Owner: postgres
--

INSERT INTO public."AdminAuditLog" (id, "adminId", "targetType", "targetId", action, description, metadata, "createdAt") VALUES ('cmof7wh040006i15k3dopfr53', 'cmof7mh4b0001i1c815ziftd8', 'COMPANY', 'cmof7vx5a0000i15k0rq29msn', 'COMPANY_ACTIVE', 'Status da empresa LELELE alterado para ACTIVE.', '{}', '2026-04-26 03:37:31.156');


--
-- Data for Name: AdminImpersonationLog; Type: TABLE DATA; Schema: public; Owner: postgres
--



--
-- Data for Name: Campaign; Type: TABLE DATA; Schema: public; Owner: postgres
--

INSERT INTO public."Campaign" (id, "companyId", title, description, "companyName", city, neighborhood, category, "socialPlatform", "contentUrl", objective, "rewardPerTask", "dailyLimitPerUser", "totalBudget", status, "reviewStatus", "submittedForReviewAt", "reviewedAt", "startDate", "endDate", "createdAt", "updatedAt") VALUES ('cmof7mh4s000ci1c88soaueqp', 'cmof7mh4h0004i1c8e92k62xv', 'Assistir Reels hamburgueria', 'Assista ao Reels da campanha e envie comprovação real da execução.', 'OKEGANHA Empresa Teste', 'São Paulo', 'Vila Mariana', 'Alimentação', 'INSTAGRAM', 'https://instagram.com/p/reels-hamburgueria-demo', 'WATCH_VIDEO', 900, 2, 250000, 'PAUSED', 'DRAFT', '1969-12-31 21:00:00', '1969-12-31 21:00:00', '2026-04-26 03:29:44.762', '2026-05-26 03:29:44.762', '2026-04-26 03:29:44.764', '2026-04-26 17:56:57.5');
INSERT INTO public."Campaign" (id, "companyId", title, description, "companyName", city, neighborhood, category, "socialPlatform", "contentUrl", objective, "rewardPerTask", "dailyLimitPerUser", "totalBudget", status, "reviewStatus", "submittedForReviewAt", "reviewedAt", "startDate", "endDate", "createdAt", "updatedAt") VALUES ('cmof7mh4u000ei1c8ly60adiu', 'cmof7mh4h0004i1c8e92k62xv', 'Ver TikTok loja local', 'Visualize o conteúdo no TikTok e registre sua participação.', 'OKEGANHA Empresa Teste', 'São Paulo', 'Centro', 'Varejo', 'TIKTOK', 'https://tiktok.com/@lojademo/video/1234567890', 'WATCH_VIDEO', 800, 3, 250000, 'PAUSED', 'DRAFT', '1969-12-31 21:00:00', '1969-12-31 21:00:00', '2026-04-26 03:29:44.765', '2026-05-26 03:29:44.765', '2026-04-26 03:29:44.767', '2026-04-26 17:56:57.5');
INSERT INTO public."Campaign" (id, "companyId", title, description, "companyName", city, neighborhood, category, "socialPlatform", "contentUrl", objective, "rewardPerTask", "dailyLimitPerUser", "totalBudget", status, "reviewStatus", "submittedForReviewAt", "reviewedAt", "startDate", "endDate", "createdAt", "updatedAt") VALUES ('cmof7mh4w000gi1c86uhpp1vq', 'cmof7mh4h0004i1c8e92k62xv', 'Avaliar no Google Maps', 'Faça uma avaliação no Google Maps com feedback legítimo.', 'OKEGANHA Empresa Teste', 'São Paulo', 'Pinheiros', 'Cafeteria', 'GOOGLE', 'https://maps.google.com/?q=Cafe+do+Bairro', 'REVIEW_BUSINESS', 1200, 2, 250000, 'PAUSED', 'DRAFT', '1969-12-31 21:00:00', '1969-12-31 21:00:00', '2026-04-26 03:29:44.767', '2026-05-26 03:29:44.767', '2026-04-26 03:29:44.768', '2026-04-26 17:56:57.5');
INSERT INTO public."Campaign" (id, "companyId", title, description, "companyName", city, neighborhood, category, "socialPlatform", "contentUrl", objective, "rewardPerTask", "dailyLimitPerUser", "totalBudget", status, "reviewStatus", "submittedForReviewAt", "reviewedAt", "startDate", "endDate", "createdAt", "updatedAt") VALUES ('cmof7mh4x000ii1c8pst4uadg', 'cmof7mh4h0004i1c8e92k62xv', 'Seguir Instagram academia', 'Siga o perfil oficial e envie comprovação da ação.', 'OKEGANHA Empresa Teste', 'São Paulo', 'Moema', 'Fitness', 'INSTAGRAM', 'https://instagram.com/movefitacademia', 'FOLLOW_PROFILE', 700, 4, 250000, 'PAUSED', 'DRAFT', '1969-12-31 21:00:00', '1969-12-31 21:00:00', '2026-04-26 03:29:44.768', '2026-05-26 03:29:44.768', '2026-04-26 03:29:44.77', '2026-04-26 17:56:57.5');
INSERT INTO public."Campaign" (id, "companyId", title, description, "companyName", city, neighborhood, category, "socialPlatform", "contentUrl", objective, "rewardPerTask", "dailyLimitPerUser", "totalBudget", status, "reviewStatus", "submittedForReviewAt", "reviewedAt", "startDate", "endDate", "createdAt", "updatedAt") VALUES ('cmof7mh4y000ki1c8abt8xpes', 'cmof7mh4h0004i1c8e92k62xv', 'Check-in mercado local', 'Faça check-in presencial e registre a prova da visita.', 'OKEGANHA Empresa Teste', 'São Paulo', 'Santana', 'Mercado', 'LOCAL', 'https://maps.google.com/?q=Mercado+Bom+Preco', 'CHECKIN_BUSINESS', 650, 4, 250000, 'PAUSED', 'DRAFT', '1969-12-31 21:00:00', '1969-12-31 21:00:00', '2026-04-26 03:29:44.769', '2026-05-26 03:29:44.769', '2026-04-26 03:29:44.771', '2026-04-26 17:56:57.5');
INSERT INTO public."Campaign" (id, "companyId", title, description, "companyName", city, neighborhood, category, "socialPlatform", "contentUrl", objective, "rewardPerTask", "dailyLimitPerUser", "totalBudget", status, "reviewStatus", "submittedForReviewAt", "reviewedAt", "startDate", "endDate", "createdAt", "updatedAt") VALUES ('cmox0cfjg0004i14o70ob350m', 'cmox0cfeq0000i14or7jj0chn', 'Siga o perfil da Academia Teste', 'Siga o perfil oficial da Academia Teste no Instagram.', 'Academia Teste OKEGANHA', 'Sao Paulo', 'Centro', 'Fitness', 'INSTAGRAM', 'https://instagram.com/okeganha', 'FOLLOW_PROFILE', 150, 1, 100000, 'ACTIVE', 'APPROVED', '2026-05-08 14:25:49.988', '2026-05-08 14:25:49.988', '2026-05-08 14:25:49.988', '2026-06-07 14:25:49.994', '2026-05-08 14:25:49.996', '2026-05-08 14:25:49.996');


--
-- Data for Name: CompanySocialPost; Type: TABLE DATA; Schema: public; Owner: postgres
--



--
-- Data for Name: CompanyTokenLedger; Type: TABLE DATA; Schema: public; Owner: postgres
--

INSERT INTO public."CompanyTokenLedger" (id, "companyId", type, amount, description, "referenceId", "createdAt") VALUES ('cmof7mh4j0006i1c8nd5wlp4r', 'cmof7mh4h0004i1c8e92k62xv', 'MONTHLY_GRANT', 1500, 'Crédito mensal do plano Premium', '', '2026-04-26 03:29:44.756');
INSERT INTO public."CompanyTokenLedger" (id, "companyId", type, amount, description, "referenceId", "createdAt") VALUES ('cmof7vx620002i15ked66tgkm', 'cmof7vx5a0000i15k0rq29msn', 'MONTHLY_GRANT', 50, 'Crédito inicial de trial da empresa', '', '2026-04-26 03:37:05.45');
INSERT INTO public."CompanyTokenLedger" (id, "companyId", type, amount, description, "referenceId", "createdAt") VALUES ('cmof7xi8f0008i15kszdsp54c', 'cmof7vx5a0000i15k0rq29msn', 'MANUAL_ADJUSTMENT', 20000, 'SORTEIO', '', '2026-04-26 03:38:19.408');


--
-- Data for Name: Task; Type: TABLE DATA; Schema: public; Owner: postgres
--

INSERT INTO public."Task" (id, "campaignId", title, description, instructions, reward, type, "externalUrl", "proofType", "requiredWatchSeconds", status, "createdAt", "updatedAt") VALUES ('cmof7mh50000mi1c88n3dan5r', 'cmof7mh4s000ci1c88soaueqp', 'Assistir vídeo principal', 'Assista ao conteúdo completo da campanha.', '1. Abra o conteúdo da campanha.
2. Assista até o final.
3. Envie descrição e link da prova.', 900, 'CONTENT', 'https://instagram.com/p/reels-hamburgueria-demo', 'LINK', 30, 'ACTIVE', '2026-04-26 03:29:44.772', '2026-04-26 03:29:44.772');
INSERT INTO public."Task" (id, "campaignId", title, description, instructions, reward, type, "externalUrl", "proofType", "requiredWatchSeconds", status, "createdAt", "updatedAt") VALUES ('cmof7mh5c000qi1c8ocfpay8l', 'cmof7mh4u000ei1c8ly60adiu', 'Assistir vídeo principal', 'Assista ao conteúdo completo da campanha.', '1. Abra o conteúdo da campanha.
2. Assista até o final.
3. Envie descrição e link da prova.', 800, 'CONTENT', 'https://tiktok.com/@lojademo/video/1234567890', 'LINK', 30, 'ACTIVE', '2026-04-26 03:29:44.785', '2026-04-26 03:29:44.785');
INSERT INTO public."Task" (id, "campaignId", title, description, instructions, reward, type, "externalUrl", "proofType", "requiredWatchSeconds", status, "createdAt", "updatedAt") VALUES ('cmof7mh5e000ui1c8ox62yps0', 'cmof7mh4w000gi1c86uhpp1vq', 'Assistir vídeo principal', 'Assista ao conteúdo completo da campanha.', '1. Abra o conteúdo da campanha.
2. Assista até o final.
3. Envie descrição e link da prova.', 1200, 'CONTENT', 'https://maps.google.com/?q=Cafe+do+Bairro', 'LINK', 30, 'ACTIVE', '2026-04-26 03:29:44.787', '2026-04-26 03:29:44.787');
INSERT INTO public."Task" (id, "campaignId", title, description, instructions, reward, type, "externalUrl", "proofType", "requiredWatchSeconds", status, "createdAt", "updatedAt") VALUES ('cmof7mh5h000yi1c802z2afy7', 'cmof7mh4x000ii1c8pst4uadg', 'Assistir vídeo principal', 'Assista ao conteúdo completo da campanha.', '1. Abra o conteúdo da campanha.
2. Assista até o final.
3. Envie descrição e link da prova.', 700, 'CONTENT', 'https://instagram.com/movefitacademia', 'LINK', 30, 'ACTIVE', '2026-04-26 03:29:44.789', '2026-04-26 03:29:44.789');
INSERT INTO public."Task" (id, "campaignId", title, description, instructions, reward, type, "externalUrl", "proofType", "requiredWatchSeconds", status, "createdAt", "updatedAt") VALUES ('cmof7mh5j0012i1c8dy98rb8u', 'cmof7mh4y000ki1c8abt8xpes', 'Assistir vídeo principal', 'Assista ao conteúdo completo da campanha.', '1. Abra o conteúdo da campanha.
2. Assista até o final.
3. Envie descrição e link da prova.', 650, 'CONTENT', 'https://maps.google.com/?q=Mercado+Bom+Preco', 'LINK', 30, 'ACTIVE', '2026-04-26 03:29:44.791', '2026-04-26 03:29:44.791');
INSERT INTO public."Task" (id, "campaignId", title, description, instructions, reward, type, "externalUrl", "proofType", "requiredWatchSeconds", status, "createdAt", "updatedAt") VALUES ('cmof7mh5b000oi1c83lbnf23y', 'cmof7mh4s000ci1c88soaueqp', 'Interagir com conteúdo', 'Realize a interação solicitada pela campanha.', '1. Abra o conteúdo oficial.
2. Interaja conforme instruções.
3. Envie comprovação real.', 1000, 'SHARE', 'https://instagram.com/p/reels-hamburgueria-demo', 'TEXT_AND_IMAGE', 0, 'ACTIVE', '2026-04-26 03:29:44.783', '2026-04-26 03:29:44.783');
INSERT INTO public."Task" (id, "campaignId", title, description, instructions, reward, type, "externalUrl", "proofType", "requiredWatchSeconds", status, "createdAt", "updatedAt") VALUES ('cmof7mh5d000si1c8icn86b22', 'cmof7mh4u000ei1c8ly60adiu', 'Interagir com conteúdo', 'Realize a interação solicitada pela campanha.', '1. Abra o conteúdo oficial.
2. Interaja conforme instruções.
3. Envie comprovação real.', 900, 'SHARE', 'https://tiktok.com/@lojademo/video/1234567890', 'TEXT_AND_IMAGE', 0, 'ACTIVE', '2026-04-26 03:29:44.786', '2026-04-26 03:29:44.786');
INSERT INTO public."Task" (id, "campaignId", title, description, instructions, reward, type, "externalUrl", "proofType", "requiredWatchSeconds", status, "createdAt", "updatedAt") VALUES ('cmof7mh5f000wi1c8rxblfkgq', 'cmof7mh4w000gi1c86uhpp1vq', 'Interagir com conteúdo', 'Realize a interação solicitada pela campanha.', '1. Abra o conteúdo oficial.
2. Interaja conforme instruções.
3. Envie comprovação real.', 1300, 'SHARE', 'https://maps.google.com/?q=Cafe+do+Bairro', 'TEXT_AND_IMAGE', 0, 'ACTIVE', '2026-04-26 03:29:44.788', '2026-04-26 03:29:44.788');
INSERT INTO public."Task" (id, "campaignId", title, description, instructions, reward, type, "externalUrl", "proofType", "requiredWatchSeconds", status, "createdAt", "updatedAt") VALUES ('cmof7mh5i0010i1c82dcvruf5', 'cmof7mh4x000ii1c8pst4uadg', 'Interagir com conteúdo', 'Realize a interação solicitada pela campanha.', '1. Abra o conteúdo oficial.
2. Interaja conforme instruções.
3. Envie comprovação real.', 800, 'SHARE', 'https://instagram.com/movefitacademia', 'TEXT_AND_IMAGE', 0, 'ACTIVE', '2026-04-26 03:29:44.79', '2026-04-26 03:29:44.79');
INSERT INTO public."Task" (id, "campaignId", title, description, instructions, reward, type, "externalUrl", "proofType", "requiredWatchSeconds", status, "createdAt", "updatedAt") VALUES ('cmof7mh5k0014i1c8x5ndr2cp', 'cmof7mh4y000ki1c8abt8xpes', 'Interagir com conteúdo', 'Realize a interação solicitada pela campanha.', '1. Abra o conteúdo oficial.
2. Interaja conforme instruções.
3. Envie comprovação real.', 750, 'SHARE', 'https://maps.google.com/?q=Mercado+Bom+Preco', 'TEXT_AND_IMAGE', 0, 'ACTIVE', '2026-04-26 03:29:44.792', '2026-04-26 03:29:44.792');
INSERT INTO public."Task" (id, "campaignId", title, description, instructions, reward, type, "externalUrl", "proofType", "requiredWatchSeconds", status, "createdAt", "updatedAt") VALUES ('cmox0cfjz0006i14ovgl4lfxr', 'cmox0cfjg0004i14o70ob350m', 'Instagram: Seguir perfil', 'Siga o perfil da Academia Teste.', 'Abra o perfil, siga e envie prova.', 120, 'CONTENT', 'https://instagram.com/okeganha', 'TEXT_AND_IMAGE', 10, 'ACTIVE', '2026-05-08 14:25:50.015', '2026-05-08 14:25:50.015');
INSERT INTO public."Task" (id, "campaignId", title, description, instructions, reward, type, "externalUrl", "proofType", "requiredWatchSeconds", status, "createdAt", "updatedAt") VALUES ('cmox0cfke0008i14ow8a99s2z', 'cmox0cfjg0004i14o70ob350m', 'TikTok: Assistir video', 'Assista ao video curto da campanha.', 'Abra o video, assista pelo tempo minimo e confirme.', 140, 'CONTENT', 'https://tiktok.com/@okeganha/video/1234567890', 'TEXT_AND_IMAGE', 20, 'ACTIVE', '2026-05-08 14:25:50.03', '2026-05-08 14:25:50.03');
INSERT INTO public."Task" (id, "campaignId", title, description, instructions, reward, type, "externalUrl", "proofType", "requiredWatchSeconds", status, "createdAt", "updatedAt") VALUES ('cmox0cfki000ai14o8kq5ku3k', 'cmox0cfjg0004i14o70ob350m', 'Google Review: Avaliar empresa', 'Abra o perfil no Google e envie avaliacao.', 'Escreva uma avaliacao real e envie comprovacao.', 180, 'REVIEW', 'https://maps.google.com/?q=Academia+Teste+OKEGANHA', 'TEXT_AND_IMAGE', 15, 'ACTIVE', '2026-05-08 14:25:50.035', '2026-05-08 14:25:50.035');


--
-- Data for Name: TaskSubmission; Type: TABLE DATA; Schema: public; Owner: postgres
--

INSERT INTO public."TaskSubmission" (id, "userId", "taskId", "campaignId", "proofText", "proofImageUrl", status, "rewardAmount", "rejectionReason", "submittedAt", "reviewedAt") VALUES ('cmof7mh5q001ci1c8qmuyw3ac', 'cmof7mh4f0003i1c8dvtje852', 'cmof7mh5h000yi1c802z2afy7', 'cmof7mh4x000ii1c8pst4uadg', 'Tentativa enviada sem evidência adequada.', 'https://picsum.photos/300/230', 'REJECTED', 700, 'Comprovação inconsistente com a ação solicitada.', '2026-04-25 03:29:44.791', '2026-04-26 03:29:44.791');
INSERT INTO public."TaskSubmission" (id, "userId", "taskId", "campaignId", "proofText", "proofImageUrl", status, "rewardAmount", "rejectionReason", "submittedAt", "reviewedAt") VALUES ('cmof7mh5l0016i1c8nxtsdy03', 'cmof7mh4f0003i1c8dvtje852', 'cmof7mh50000mi1c88n3dan5r', 'cmof7mh4s000ci1c88soaueqp', 'Assisti ao conteúdo completo e enviei link com evidência.', 'https://picsum.photos/300/200', 'APPROVED', 900, '', '2026-04-25 03:29:44.791', '2026-04-26 03:29:44.791');
INSERT INTO public."TaskSubmission" (id, "userId", "taskId", "campaignId", "proofText", "proofImageUrl", status, "rewardAmount", "rejectionReason", "submittedAt", "reviewedAt") VALUES ('cmof7mh5n0018i1c8zwjo4atp', 'cmof7mh4f0003i1c8dvtje852', 'cmof7mh5c000qi1c8ocfpay8l', 'cmof7mh4u000ei1c8ly60adiu', 'Visualização concluída com comprovação válida.', 'https://picsum.photos/300/210', 'APPROVED', 800, '', '2026-04-25 03:29:44.791', '2026-04-26 03:29:44.791');
INSERT INTO public."TaskSubmission" (id, "userId", "taskId", "campaignId", "proofText", "proofImageUrl", status, "rewardAmount", "rejectionReason", "submittedAt", "reviewedAt") VALUES ('cmof7mh5o001ai1c8cn0m3viw', 'cmof7mh4f0003i1c8dvtje852', 'cmof7mh5e000ui1c8ox62yps0', 'cmof7mh4w000gi1c86uhpp1vq', 'Avaliação enviada e aguardando revisão.', 'https://picsum.photos/300/220', 'PENDING', 1200, '', '2026-04-26 03:29:44.791', '1969-12-31 21:00:00');
INSERT INTO public."TaskSubmission" (id, "userId", "taskId", "campaignId", "proofText", "proofImageUrl", status, "rewardAmount", "rejectionReason", "submittedAt", "reviewedAt") VALUES ('cmoyygpnc009zi1x0cy423okh', 'cmov6knsm0002i1r0qskuw2b4', 'cmox0cfki000ai14o8kq5ku3k', 'cmox0cfjg0004i14o70ob350m', 'bom fiz o qe pediu', 'https://www.google.com/maps/place/Praia+do+Forte/@-24.0091136,-46.4065096,6059m/data=!3m1!1e3!4m9!1m2!2m1!1sAcademia+Teste+OKEGANHA!3m5!1s0x94ce1da132990f6f:0xbe3ab45e5293aee0!8m2!3d-24.0152308!4d-46.4048917!16s%2Fg%2F120qk_yv?entry=ttu&g_ep=EgoyMDI2MDUwNi4wIKXMDSoASAFQAw%3D%3D', 'PENDING', 180, '', '2026-05-09 23:08:42.841', '1970-01-01 00:00:00');


--
-- Data for Name: TaskExternalVerification; Type: TABLE DATA; Schema: public; Owner: postgres
--



--
-- Data for Name: TaskSession; Type: TABLE DATA; Schema: public; Owner: postgres
--

INSERT INTO public."TaskSession" (id, "userId", "taskId", "campaignId", "startedAt", "requiredDuration", "activeDuration", "lastHeartbeat", "focusLossCount", "isCompleted", "createdAt") VALUES ('cmov3gj730001i1c45slj2tmu', 'cmof7vx690004i15kq0gn1afk', 'cmof7mh5k0014i1c8x5ndr2cp', 'cmof7mh4y000ki1c8abt8xpes', '1970-01-01 00:00:00', 0, 0, '1970-01-01 00:00:00', 0, true, '2026-05-07 06:17:27.854');
INSERT INTO public."TaskSession" (id, "userId", "taskId", "campaignId", "startedAt", "requiredDuration", "activeDuration", "lastHeartbeat", "focusLossCount", "isCompleted", "createdAt") VALUES ('cmov3gj7c0003i1c43zg8t20n', 'cmoum2z880000i1ms4ss4fk10', 'cmof7mh5k0014i1c8x5ndr2cp', 'cmof7mh4y000ki1c8abt8xpes', '1970-01-01 00:00:00', 0, 0, '1970-01-01 00:00:00', 0, true, '2026-05-07 06:17:27.864');
INSERT INTO public."TaskSession" (id, "userId", "taskId", "campaignId", "startedAt", "requiredDuration", "activeDuration", "lastHeartbeat", "focusLossCount", "isCompleted", "createdAt") VALUES ('cmov3gj7g0005i1c4dkzs1i6g', 'cmoumohvb0006i1k8nmm4sooy', 'cmof7mh5k0014i1c8x5ndr2cp', 'cmof7mh4y000ki1c8abt8xpes', '1970-01-01 00:00:00', 0, 0, '1970-01-01 00:00:00', 0, true, '2026-05-07 06:17:27.868');
INSERT INTO public."TaskSession" (id, "userId", "taskId", "campaignId", "startedAt", "requiredDuration", "activeDuration", "lastHeartbeat", "focusLossCount", "isCompleted", "createdAt") VALUES ('cmoysffw10001i1r4aj87nd4p', 'cmox0cfnu000ci14ogmgitmrg', 'cmox0cfki000ai14o8kq5ku3k', 'cmox0cfjg0004i14o70ob350m', '2026-05-09 20:19:45.839', 15, 2, '2026-05-09 20:19:49.19', 2, false, '2026-05-09 20:19:45.841');
INSERT INTO public."TaskSession" (id, "userId", "taskId", "campaignId", "startedAt", "requiredDuration", "activeDuration", "lastHeartbeat", "focusLossCount", "isCompleted", "createdAt") VALUES ('cmoyyeh2b0005i1x00kdp20vi', 'cmov6knsm0002i1r0qskuw2b4', 'cmox0cfki000ai14o8kq5ku3k', 'cmox0cfjg0004i14o70ob350m', '2026-05-09 23:06:58.402', 15, 31, '2026-05-09 23:07:45.03', 2, true, '2026-05-09 23:06:58.403');
INSERT INTO public."TaskSession" (id, "userId", "taskId", "campaignId", "startedAt", "requiredDuration", "activeDuration", "lastHeartbeat", "focusLossCount", "isCompleted", "createdAt") VALUES ('cmoyyfx6r006zi1x0gt5j6hi2', 'cmov6knsm0002i1r0qskuw2b4', 'cmox0cfki000ai14o8kq5ku3k', 'cmox0cfjg0004i14o70ob350m', '2026-05-09 23:08:05.954', 15, 17, '2026-05-09 23:08:24.725', 1, true, '2026-05-09 23:08:05.956');


--
-- Data for Name: UserDevice; Type: TABLE DATA; Schema: public; Owner: postgres
--

INSERT INTO public."UserDevice" (id, "userId", "fingerprintHash", "userAgent", "ipAddress", "firstSeen", "lastSeen", "isSuspicious") VALUES ('cmov3gj7o0007i1c4v8dyxpco', 'cmof7vx690004i15kq0gn1afk', 'backfill-cmof7vx690004i15kq0gn1afk', 'backfill', '0.0.0.0', '2026-05-07 06:17:27.876', '2026-05-07 06:17:27.876', false);
INSERT INTO public."UserDevice" (id, "userId", "fingerprintHash", "userAgent", "ipAddress", "firstSeen", "lastSeen", "isSuspicious") VALUES ('cmov3gj7u0009i1c48l5wyvy1', 'cmoum2z880000i1ms4ss4fk10', 'backfill-cmoum2z880000i1ms4ss4fk10', 'backfill', '0.0.0.0', '2026-05-07 06:17:27.882', '2026-05-07 06:17:27.882', false);
INSERT INTO public."UserDevice" (id, "userId", "fingerprintHash", "userAgent", "ipAddress", "firstSeen", "lastSeen", "isSuspicious") VALUES ('cmov3gj7w000bi1c4gqonhswl', 'cmoumohvb0006i1k8nmm4sooy', 'backfill-cmoumohvb0006i1k8nmm4sooy', 'backfill', '0.0.0.0', '2026-05-07 06:17:27.884', '2026-05-07 06:17:27.884', false);
INSERT INTO public."UserDevice" (id, "userId", "fingerprintHash", "userAgent", "ipAddress", "firstSeen", "lastSeen", "isSuspicious") VALUES ('cmoysfhi40003i1r4i0293wk4', 'cmox0cfnu000ci14ogmgitmrg', '0623043b0c0b2be13b5ac83a3118a0a6985b65782112419f21e7beda67835c8d', 'Mozilla/5.0 (Windows NT 10.0; Win64; x64) AppleWebKit/537.36 (KHTML, like Gecko) Chrome/148.0.0.0 Safari/537.36', '::1', '2026-05-09 20:19:47.933', '2026-05-09 20:19:49.179', false);
INSERT INTO public."UserDevice" (id, "userId", "fingerprintHash", "userAgent", "ipAddress", "firstSeen", "lastSeen", "isSuspicious") VALUES ('cmoyyeiqa0009i1x0mqeqe8ei', 'cmov6knsm0002i1r0qskuw2b4', '0623043b0c0b2be13b5ac83a3118a0a6985b65782112419f21e7beda67835c8d', 'Mozilla/5.0 (Windows NT 10.0; Win64; x64) AppleWebKit/537.36 (KHTML, like Gecko) Chrome/148.0.0.0 Safari/537.36', '::1', '2026-05-09 23:07:00.563', '2026-05-09 23:08:24.018', false);


--
-- Data for Name: UserActivityLog; Type: TABLE DATA; Schema: public; Owner: postgres
--

INSERT INTO public."UserActivityLog" (id, "userId", type, "ipAddress", "userAgent", metadata, "createdAt", "campaignId", "deviceId", "durationSeconds", "focusLossCount", "interactionType", "sessionId", "taskId") VALUES ('cmoum2z8q0002i1mshltp4k8f', 'cmoum2z880000i1ms4ss4fk10', 'LOGIN', '::1', 'Mozilla/5.0 (Windows NT 10.0; Win64; x64) AppleWebKit/537.36 (KHTML, like Gecko) Chrome/148.0.0.0 Safari/537.36', '{"role": "USER", "method": "google", "firstLogin": true}', '2026-05-06 22:11:01.995', 'cmof7mh4y000ki1c8abt8xpes', 'cmov3gj7u0009i1c48l5wyvy1', 0, 0, '', 'cmov3gj7c0003i1c43zg8t20n', 'cmof7mh5k0014i1c8x5ndr2cp');
INSERT INTO public."UserActivityLog" (id, "userId", type, "ipAddress", "userAgent", metadata, "createdAt", "campaignId", "deviceId", "durationSeconds", "focusLossCount", "interactionType", "sessionId", "taskId") VALUES ('cmoum38lg0004i1ms2kuy85gw', 'cmoum2z880000i1ms4ss4fk10', 'LOGIN', '::1', 'Mozilla/5.0 (Windows NT 10.0; Win64; x64) AppleWebKit/537.36 (KHTML, like Gecko) Chrome/148.0.0.0 Safari/537.36', '{"role": "USER", "method": "google"}', '2026-05-06 22:11:14.116', 'cmof7mh4y000ki1c8abt8xpes', 'cmov3gj7u0009i1c48l5wyvy1', 0, 0, '', 'cmov3gj7c0003i1c43zg8t20n', 'cmof7mh5k0014i1c8x5ndr2cp');
INSERT INTO public."UserActivityLog" (id, "userId", type, "ipAddress", "userAgent", metadata, "createdAt", "campaignId", "deviceId", "durationSeconds", "focusLossCount", "interactionType", "sessionId", "taskId") VALUES ('cmoumndbm0001i1k8u12w6qir', 'cmoum2z880000i1ms4ss4fk10', 'LOGIN', '::1', 'Mozilla/5.0 (Windows NT 10.0; Win64; x64) AppleWebKit/537.36 (KHTML, like Gecko) Chrome/148.0.0.0 Safari/537.36', '{"role": "USER", "method": "google"}', '2026-05-06 22:26:53.363', 'cmof7mh4y000ki1c8abt8xpes', 'cmov3gj7u0009i1c48l5wyvy1', 0, 0, '', 'cmov3gj7c0003i1c43zg8t20n', 'cmof7mh5k0014i1c8x5ndr2cp');
INSERT INTO public."UserActivityLog" (id, "userId", type, "ipAddress", "userAgent", metadata, "createdAt", "campaignId", "deviceId", "durationSeconds", "focusLossCount", "interactionType", "sessionId", "taskId") VALUES ('cmoumnqj40003i1k8u7aub0ja', 'cmoum2z880000i1ms4ss4fk10', 'LOGIN', '::1', 'Mozilla/5.0 (Windows NT 10.0; Win64; x64) AppleWebKit/537.36 (KHTML, like Gecko) Chrome/148.0.0.0 Safari/537.36', '{"role": "USER", "method": "google"}', '2026-05-06 22:27:10.48', 'cmof7mh4y000ki1c8abt8xpes', 'cmov3gj7u0009i1c48l5wyvy1', 0, 0, '', 'cmov3gj7c0003i1c43zg8t20n', 'cmof7mh5k0014i1c8x5ndr2cp');
INSERT INTO public."UserActivityLog" (id, "userId", type, "ipAddress", "userAgent", metadata, "createdAt", "campaignId", "deviceId", "durationSeconds", "focusLossCount", "interactionType", "sessionId", "taskId") VALUES ('cmoumnxeo0005i1k84fklfzz6', 'cmof7vx690004i15kq0gn1afk', 'LOGIN', '::1', 'Mozilla/5.0 (Windows NT 10.0; Win64; x64) AppleWebKit/537.36 (KHTML, like Gecko) Chrome/148.0.0.0 Safari/537.36', '{"role": "COMPANY", "method": "email_password"}', '2026-05-06 22:27:19.393', 'cmof7mh4y000ki1c8abt8xpes', 'cmov3gj7o0007i1c4v8dyxpco', 0, 0, '', 'cmov3gj730001i1c45slj2tmu', 'cmof7mh5k0014i1c8x5ndr2cp');
INSERT INTO public."UserActivityLog" (id, "userId", type, "ipAddress", "userAgent", metadata, "createdAt", "campaignId", "deviceId", "durationSeconds", "focusLossCount", "interactionType", "sessionId", "taskId") VALUES ('cmoumosri0008i1k8ohll36am', 'cmoumohvb0006i1k8nmm4sooy', 'PROFILE_UPDATE', '::1', 'Mozilla/5.0 (Windows NT 10.0; Win64; x64) AppleWebKit/537.36 (KHTML, like Gecko) Chrome/148.0.0.0 Safari/537.36', '{"onboardingCompleted": true}', '2026-05-06 22:28:00.03', 'cmof7mh4y000ki1c8abt8xpes', 'cmov3gj7w000bi1c4gqonhswl', 0, 0, '', 'cmov3gj7g0005i1c4dkzs1i6g', 'cmof7mh5k0014i1c8x5ndr2cp');
INSERT INTO public."UserActivityLog" (id, "userId", type, "ipAddress", "userAgent", metadata, "createdAt", "campaignId", "deviceId", "durationSeconds", "focusLossCount", "interactionType", "sessionId", "taskId") VALUES ('cmoysfhio0005i1r4pvjql5zv', 'cmox0cfnu000ci14ogmgitmrg', 'OPEN_TASK', '::1', 'Mozilla/5.0 (Windows NT 10.0; Win64; x64) AppleWebKit/537.36 (KHTML, like Gecko) Chrome/148.0.0.0 Safari/537.36', '{"taskId": "cmox0cfki000ai14o8kq5ku3k", "deviceId": "cmoysfhi40003i1r4i0293wk4", "sessionId": "cmoysffw10001i1r4aj87nd4p", "campaignId": "cmox0cfjg0004i14o70ob350m", "focusLossCount": 1, "durationSeconds": 1, "interactionType": "HEARTBEAT"}', '2026-05-09 20:19:47.952', 'cmox0cfjg0004i14o70ob350m', 'cmoysfhi40003i1r4i0293wk4', 1, 1, 'HEARTBEAT', 'cmoysffw10001i1r4aj87nd4p', 'cmox0cfki000ai14o8kq5ku3k');
INSERT INTO public."UserActivityLog" (id, "userId", type, "ipAddress", "userAgent", metadata, "createdAt", "campaignId", "deviceId", "durationSeconds", "focusLossCount", "interactionType", "sessionId", "taskId") VALUES ('cmoysfihh0009i1r40wa9w13b', 'cmox0cfnu000ci14ogmgitmrg', 'OPEN_TASK', '::1', 'Mozilla/5.0 (Windows NT 10.0; Win64; x64) AppleWebKit/537.36 (KHTML, like Gecko) Chrome/148.0.0.0 Safari/537.36', '{"taskId": "cmox0cfki000ai14o8kq5ku3k", "deviceId": "cmoysfhi40003i1r4i0293wk4", "sessionId": "cmoysffw10001i1r4aj87nd4p", "campaignId": "cmox0cfjg0004i14o70ob350m", "focusLossCount": 2, "durationSeconds": 2, "interactionType": "HEARTBEAT"}', '2026-05-09 20:19:49.206', 'cmox0cfjg0004i14o70ob350m', 'cmoysfhi40003i1r4i0293wk4', 2, 2, 'HEARTBEAT', 'cmoysffw10001i1r4aj87nd4p', 'cmox0cfki000ai14o8kq5ku3k');
INSERT INTO public."UserActivityLog" (id, "userId", type, "ipAddress", "userAgent", metadata, "createdAt", "campaignId", "deviceId", "durationSeconds", "focusLossCount", "interactionType", "sessionId", "taskId") VALUES ('cmoysk9m6000bi1r404ugshak', 'cmox0cfnu000ci14ogmgitmrg', 'VIEW_CAMPAIGN', '::1', 'Mozilla/5.0 (Windows NT 10.0; Win64; x64) AppleWebKit/537.36 (KHTML, like Gecko) Chrome/148.0.0.0 Safari/537.36', '{"campaignId": "cmox0cfjg0004i14o70ob350m"}', '2026-05-09 20:23:30.99', 'cmox0cfjg0004i14o70ob350m', 'cmoysfhi40003i1r4i0293wk4', 0, 0, '', 'cmoysffw10001i1r4aj87nd4p', 'cmox0cfki000ai14o8kq5ku3k');
INSERT INTO public."UserActivityLog" (id, "userId", type, "ipAddress", "userAgent", metadata, "createdAt", "campaignId", "deviceId", "durationSeconds", "focusLossCount", "interactionType", "sessionId", "taskId") VALUES ('cmoysk9ni000di1r4pogqr7mb', 'cmox0cfnu000ci14ogmgitmrg', 'VIEW_CAMPAIGN', '::1', 'Mozilla/5.0 (Windows NT 10.0; Win64; x64) AppleWebKit/537.36 (KHTML, like Gecko) Chrome/148.0.0.0 Safari/537.36', '{"campaignId": "cmox0cfjg0004i14o70ob350m"}', '2026-05-09 20:23:31.038', 'cmox0cfjg0004i14o70ob350m', 'cmoysfhi40003i1r4i0293wk4', 0, 0, '', 'cmoysffw10001i1r4aj87nd4p', 'cmox0cfki000ai14o8kq5ku3k');
INSERT INTO public."UserActivityLog" (id, "userId", type, "ipAddress", "userAgent", metadata, "createdAt", "campaignId", "deviceId", "durationSeconds", "focusLossCount", "interactionType", "sessionId", "taskId") VALUES ('cmoyyeiqy000fi1x0aw5dp5ka', 'cmov6knsm0002i1r0qskuw2b4', 'OPEN_TASK', '::1', 'Mozilla/5.0 (Windows NT 10.0; Win64; x64) AppleWebKit/537.36 (KHTML, like Gecko) Chrome/148.0.0.0 Safari/537.36', '{"taskId": "cmox0cfki000ai14o8kq5ku3k", "deviceId": "cmoyyeiqa0009i1x0mqeqe8ei", "sessionId": "cmoyyeh2b0005i1x00kdp20vi", "campaignId": "cmox0cfjg0004i14o70ob350m", "focusLossCount": 1, "durationSeconds": 1, "interactionType": "HEARTBEAT"}', '2026-05-09 23:07:00.587', 'cmox0cfjg0004i14o70ob350m', 'cmoyyeiqa0009i1x0mqeqe8ei', 1, 1, 'HEARTBEAT', 'cmoyyeh2b0005i1x00kdp20vi', 'cmox0cfki000ai14o8kq5ku3k');
INSERT INTO public."UserActivityLog" (id, "userId", type, "ipAddress", "userAgent", metadata, "createdAt", "campaignId", "deviceId", "durationSeconds", "focusLossCount", "interactionType", "sessionId", "taskId") VALUES ('cmoyyeiqz000hi1x0we9k58i6', 'cmov6knsm0002i1r0qskuw2b4', 'OPEN_TASK', '::1', 'Mozilla/5.0 (Windows NT 10.0; Win64; x64) AppleWebKit/537.36 (KHTML, like Gecko) Chrome/148.0.0.0 Safari/537.36', '{"taskId": "cmox0cfki000ai14o8kq5ku3k", "deviceId": "cmoyyeiqa0009i1x0mqeqe8ei", "sessionId": "cmoyyeh2b0005i1x00kdp20vi", "campaignId": "cmox0cfjg0004i14o70ob350m", "focusLossCount": 0, "durationSeconds": 1, "interactionType": "HEARTBEAT"}', '2026-05-09 23:07:00.588', 'cmox0cfjg0004i14o70ob350m', 'cmoyyeiqa0009i1x0mqeqe8ei', 1, 0, 'HEARTBEAT', 'cmoyyeh2b0005i1x00kdp20vi', 'cmox0cfki000ai14o8kq5ku3k');
INSERT INTO public."UserActivityLog" (id, "userId", type, "ipAddress", "userAgent", metadata, "createdAt", "campaignId", "deviceId", "durationSeconds", "focusLossCount", "interactionType", "sessionId", "taskId") VALUES ('cmoyyejl5000ni1x0pxbmicfp', 'cmov6knsm0002i1r0qskuw2b4', 'OPEN_TASK', '::1', 'Mozilla/5.0 (Windows NT 10.0; Win64; x64) AppleWebKit/537.36 (KHTML, like Gecko) Chrome/148.0.0.0 Safari/537.36', '{"taskId": "cmox0cfki000ai14o8kq5ku3k", "deviceId": "cmoyyeiqa0009i1x0mqeqe8ei", "sessionId": "cmoyyeh2b0005i1x00kdp20vi", "campaignId": "cmox0cfjg0004i14o70ob350m", "focusLossCount": 0, "durationSeconds": 2, "interactionType": "HEARTBEAT"}', '2026-05-09 23:07:01.673', 'cmox0cfjg0004i14o70ob350m', 'cmoyyeiqa0009i1x0mqeqe8ei', 2, 0, 'HEARTBEAT', 'cmoyyeh2b0005i1x00kdp20vi', 'cmox0cfki000ai14o8kq5ku3k');
INSERT INTO public."UserActivityLog" (id, "userId", type, "ipAddress", "userAgent", metadata, "createdAt", "campaignId", "deviceId", "durationSeconds", "focusLossCount", "interactionType", "sessionId", "taskId") VALUES ('cmoyyekes000ti1x0ocy7mgts', 'cmov6knsm0002i1r0qskuw2b4', 'OPEN_TASK', '::1', 'Mozilla/5.0 (Windows NT 10.0; Win64; x64) AppleWebKit/537.36 (KHTML, like Gecko) Chrome/148.0.0.0 Safari/537.36', '{"taskId": "cmox0cfki000ai14o8kq5ku3k", "deviceId": "cmoyyeiqa0009i1x0mqeqe8ei", "sessionId": "cmoyyeh2b0005i1x00kdp20vi", "campaignId": "cmox0cfjg0004i14o70ob350m", "focusLossCount": 0, "durationSeconds": 3, "interactionType": "HEARTBEAT"}', '2026-05-09 23:07:02.74', 'cmox0cfjg0004i14o70ob350m', 'cmoyyeiqa0009i1x0mqeqe8ei', 3, 0, 'HEARTBEAT', 'cmoyyeh2b0005i1x00kdp20vi', 'cmox0cfki000ai14o8kq5ku3k');
INSERT INTO public."UserActivityLog" (id, "userId", type, "ipAddress", "userAgent", metadata, "createdAt", "campaignId", "deviceId", "durationSeconds", "focusLossCount", "interactionType", "sessionId", "taskId") VALUES ('cmoyyeloq000zi1x0gsbprzno', 'cmov6knsm0002i1r0qskuw2b4', 'OPEN_TASK', '::1', 'Mozilla/5.0 (Windows NT 10.0; Win64; x64) AppleWebKit/537.36 (KHTML, like Gecko) Chrome/148.0.0.0 Safari/537.36', '{"taskId": "cmox0cfki000ai14o8kq5ku3k", "deviceId": "cmoyyeiqa0009i1x0mqeqe8ei", "sessionId": "cmoyyeh2b0005i1x00kdp20vi", "campaignId": "cmox0cfjg0004i14o70ob350m", "focusLossCount": 1, "durationSeconds": 3, "interactionType": "HEARTBEAT"}', '2026-05-09 23:07:04.394', 'cmox0cfjg0004i14o70ob350m', 'cmoyyeiqa0009i1x0mqeqe8ei', 3, 1, 'HEARTBEAT', 'cmoyyeh2b0005i1x00kdp20vi', 'cmox0cfki000ai14o8kq5ku3k');
INSERT INTO public."UserActivityLog" (id, "userId", type, "ipAddress", "userAgent", metadata, "createdAt", "campaignId", "deviceId", "durationSeconds", "focusLossCount", "interactionType", "sessionId", "taskId") VALUES ('cmoyyen7x0015i1x0gssnelef', 'cmov6knsm0002i1r0qskuw2b4', 'OPEN_TASK', '::1', 'Mozilla/5.0 (Windows NT 10.0; Win64; x64) AppleWebKit/537.36 (KHTML, like Gecko) Chrome/148.0.0.0 Safari/537.36', '{"taskId": "cmox0cfki000ai14o8kq5ku3k", "deviceId": "cmoyyeiqa0009i1x0mqeqe8ei", "sessionId": "cmoyyeh2b0005i1x00kdp20vi", "campaignId": "cmox0cfjg0004i14o70ob350m", "focusLossCount": 1, "durationSeconds": 3, "interactionType": "HEARTBEAT"}', '2026-05-09 23:07:06.382', 'cmox0cfjg0004i14o70ob350m', 'cmoyyeiqa0009i1x0mqeqe8ei', 3, 1, 'HEARTBEAT', 'cmoyyeh2b0005i1x00kdp20vi', 'cmox0cfki000ai14o8kq5ku3k');
INSERT INTO public."UserActivityLog" (id, "userId", type, "ipAddress", "userAgent", metadata, "createdAt", "campaignId", "deviceId", "durationSeconds", "focusLossCount", "interactionType", "sessionId", "taskId") VALUES ('cmoyyeorr001bi1x0kwl4t78s', 'cmov6knsm0002i1r0qskuw2b4', 'OPEN_TASK', '::1', 'Mozilla/5.0 (Windows NT 10.0; Win64; x64) AppleWebKit/537.36 (KHTML, like Gecko) Chrome/148.0.0.0 Safari/537.36', '{"taskId": "cmox0cfki000ai14o8kq5ku3k", "deviceId": "cmoyyeiqa0009i1x0mqeqe8ei", "sessionId": "cmoyyeh2b0005i1x00kdp20vi", "campaignId": "cmox0cfjg0004i14o70ob350m", "focusLossCount": 1, "durationSeconds": 3, "interactionType": "HEARTBEAT"}', '2026-05-09 23:07:08.392', 'cmox0cfjg0004i14o70ob350m', 'cmoyyeiqa0009i1x0mqeqe8ei', 3, 1, 'HEARTBEAT', 'cmoyyeh2b0005i1x00kdp20vi', 'cmox0cfki000ai14o8kq5ku3k');
INSERT INTO public."UserActivityLog" (id, "userId", type, "ipAddress", "userAgent", metadata, "createdAt", "campaignId", "deviceId", "durationSeconds", "focusLossCount", "interactionType", "sessionId", "taskId") VALUES ('cmoyyeqbf001hi1x0ca2r0kma', 'cmov6knsm0002i1r0qskuw2b4', 'OPEN_TASK', '::1', 'Mozilla/5.0 (Windows NT 10.0; Win64; x64) AppleWebKit/537.36 (KHTML, like Gecko) Chrome/148.0.0.0 Safari/537.36', '{"taskId": "cmox0cfki000ai14o8kq5ku3k", "deviceId": "cmoyyeiqa0009i1x0mqeqe8ei", "sessionId": "cmoyyeh2b0005i1x00kdp20vi", "campaignId": "cmox0cfjg0004i14o70ob350m", "focusLossCount": 1, "durationSeconds": 3, "interactionType": "HEARTBEAT"}', '2026-05-09 23:07:10.395', 'cmox0cfjg0004i14o70ob350m', 'cmoyyeiqa0009i1x0mqeqe8ei', 3, 1, 'HEARTBEAT', 'cmoyyeh2b0005i1x00kdp20vi', 'cmox0cfki000ai14o8kq5ku3k');
INSERT INTO public."UserActivityLog" (id, "userId", type, "ipAddress", "userAgent", metadata, "createdAt", "campaignId", "deviceId", "durationSeconds", "focusLossCount", "interactionType", "sessionId", "taskId") VALUES ('cmoyyertm001ni1x0axsgdcp2', 'cmov6knsm0002i1r0qskuw2b4', 'OPEN_TASK', '::1', 'Mozilla/5.0 (Windows NT 10.0; Win64; x64) AppleWebKit/537.36 (KHTML, like Gecko) Chrome/148.0.0.0 Safari/537.36', '{"taskId": "cmox0cfki000ai14o8kq5ku3k", "deviceId": "cmoyyeiqa0009i1x0mqeqe8ei", "sessionId": "cmoyyeh2b0005i1x00kdp20vi", "campaignId": "cmox0cfjg0004i14o70ob350m", "focusLossCount": 1, "durationSeconds": 3, "interactionType": "HEARTBEAT"}', '2026-05-09 23:07:12.346', 'cmox0cfjg0004i14o70ob350m', 'cmoyyeiqa0009i1x0mqeqe8ei', 3, 1, 'HEARTBEAT', 'cmoyyeh2b0005i1x00kdp20vi', 'cmox0cfki000ai14o8kq5ku3k');
INSERT INTO public."UserActivityLog" (id, "userId", type, "ipAddress", "userAgent", metadata, "createdAt", "campaignId", "deviceId", "durationSeconds", "focusLossCount", "interactionType", "sessionId", "taskId") VALUES ('cmoyyesng001ti1x0xna8gxly', 'cmov6knsm0002i1r0qskuw2b4', 'OPEN_TASK', '::1', 'Mozilla/5.0 (Windows NT 10.0; Win64; x64) AppleWebKit/537.36 (KHTML, like Gecko) Chrome/148.0.0.0 Safari/537.36', '{"taskId": "cmox0cfki000ai14o8kq5ku3k", "deviceId": "cmoyyeiqa0009i1x0mqeqe8ei", "sessionId": "cmoyyeh2b0005i1x00kdp20vi", "campaignId": "cmox0cfjg0004i14o70ob350m", "focusLossCount": 1, "durationSeconds": 4, "interactionType": "HEARTBEAT"}', '2026-05-09 23:07:13.421', 'cmox0cfjg0004i14o70ob350m', 'cmoyyeiqa0009i1x0mqeqe8ei', 4, 1, 'HEARTBEAT', 'cmoyyeh2b0005i1x00kdp20vi', 'cmox0cfki000ai14o8kq5ku3k');
INSERT INTO public."UserActivityLog" (id, "userId", type, "ipAddress", "userAgent", metadata, "createdAt", "campaignId", "deviceId", "durationSeconds", "focusLossCount", "interactionType", "sessionId", "taskId") VALUES ('cmoyyezzv003bi1x0ockbuqxv', 'cmov6knsm0002i1r0qskuw2b4', 'OPEN_TASK', '::1', 'Mozilla/5.0 (Windows NT 10.0; Win64; x64) AppleWebKit/537.36 (KHTML, like Gecko) Chrome/148.0.0.0 Safari/537.36', '{"taskId": "cmox0cfki000ai14o8kq5ku3k", "deviceId": "cmoyyeiqa0009i1x0mqeqe8ei", "sessionId": "cmoyyeh2b0005i1x00kdp20vi", "campaignId": "cmox0cfjg0004i14o70ob350m", "focusLossCount": 1, "durationSeconds": 13, "interactionType": "HEARTBEAT"}', '2026-05-09 23:07:22.939', 'cmox0cfjg0004i14o70ob350m', 'cmoyyeiqa0009i1x0mqeqe8ei', 13, 1, 'HEARTBEAT', 'cmoyyeh2b0005i1x00kdp20vi', 'cmox0cfki000ai14o8kq5ku3k');
INSERT INTO public."UserActivityLog" (id, "userId", type, "ipAddress", "userAgent", metadata, "createdAt", "campaignId", "deviceId", "durationSeconds", "focusLossCount", "interactionType", "sessionId", "taskId") VALUES ('cmoyyf4e00045i1x0rv9btkna', 'cmov6knsm0002i1r0qskuw2b4', 'OPEN_TASK', '::1', 'Mozilla/5.0 (Windows NT 10.0; Win64; x64) AppleWebKit/537.36 (KHTML, like Gecko) Chrome/148.0.0.0 Safari/537.36', '{"taskId": "cmox0cfki000ai14o8kq5ku3k", "deviceId": "cmoyyeiqa0009i1x0mqeqe8ei", "sessionId": "cmoyyeh2b0005i1x00kdp20vi", "campaignId": "cmox0cfjg0004i14o70ob350m", "focusLossCount": 2, "durationSeconds": 17, "interactionType": "HEARTBEAT"}', '2026-05-09 23:07:28.633', 'cmox0cfjg0004i14o70ob350m', 'cmoyyeiqa0009i1x0mqeqe8ei', 17, 2, 'HEARTBEAT', 'cmoyyeh2b0005i1x00kdp20vi', 'cmox0cfki000ai14o8kq5ku3k');
INSERT INTO public."UserActivityLog" (id, "userId", type, "ipAddress", "userAgent", metadata, "createdAt", "campaignId", "deviceId", "durationSeconds", "focusLossCount", "interactionType", "sessionId", "taskId") VALUES ('cmoyyf886004vi1x03v9nsulh', 'cmov6knsm0002i1r0qskuw2b4', 'SUSPICIOUS_ACTIVITY', '::1', 'Mozilla/5.0 (Windows NT 10.0; Win64; x64) AppleWebKit/537.36 (KHTML, like Gecko) Chrome/148.0.0.0 Safari/537.36', '{"reason": "PROOF_WITHOUT_COMPLETED_TASK_SESSION", "taskId": "cmox0cfki000ai14o8kq5ku3k"}', '2026-05-09 23:07:33.606', 'cmox0cfjg0004i14o70ob350m', 'cmoyyeiqa0009i1x0mqeqe8ei', 0, 0, '', 'cmoyyeh2b0005i1x00kdp20vi', 'cmox0cfki000ai14o8kq5ku3k');
INSERT INTO public."UserActivityLog" (id, "userId", type, "ipAddress", "userAgent", metadata, "createdAt", "campaignId", "deviceId", "durationSeconds", "focusLossCount", "interactionType", "sessionId", "taskId") VALUES ('cmoyyfcqa005xi1x01uaywly6', 'cmov6knsm0002i1r0qskuw2b4', 'OPEN_TASK', '::1', 'Mozilla/5.0 (Windows NT 10.0; Win64; x64) AppleWebKit/537.36 (KHTML, like Gecko) Chrome/148.0.0.0 Safari/537.36', '{"taskId": "cmox0cfki000ai14o8kq5ku3k", "deviceId": "cmoyyeiqa0009i1x0mqeqe8ei", "sessionId": "cmoyyeh2b0005i1x00kdp20vi", "campaignId": "cmox0cfjg0004i14o70ob350m", "focusLossCount": 2, "durationSeconds": 27, "interactionType": "HEARTBEAT"}', '2026-05-09 23:07:39.442', 'cmox0cfjg0004i14o70ob350m', 'cmoyyeiqa0009i1x0mqeqe8ei', 27, 2, 'HEARTBEAT', 'cmoyyeh2b0005i1x00kdp20vi', 'cmox0cfki000ai14o8kq5ku3k');
INSERT INTO public."UserActivityLog" (id, "userId", type, "ipAddress", "userAgent", metadata, "createdAt", "campaignId", "deviceId", "durationSeconds", "focusLossCount", "interactionType", "sessionId", "taskId") VALUES ('cmoyyfw2n006vi1x0il411eb9', 'cmov6knsm0002i1r0qskuw2b4', 'OPEN_TASK', '::1', 'Mozilla/5.0 (Windows NT 10.0; Win64; x64) AppleWebKit/537.36 (KHTML, like Gecko) Chrome/148.0.0.0 Safari/537.36', '{"taskId": "cmox0cfki000ai14o8kq5ku3k", "campaignId": "cmox0cfjg0004i14o70ob350m"}', '2026-05-09 23:08:04.511', 'cmox0cfjg0004i14o70ob350m', 'cmoyyeiqa0009i1x0mqeqe8ei', 0, 0, '', 'cmoyyeh2b0005i1x00kdp20vi', 'cmox0cfki000ai14o8kq5ku3k');
INSERT INTO public."UserActivityLog" (id, "userId", type, "ipAddress", "userAgent", metadata, "createdAt", "campaignId", "deviceId", "durationSeconds", "focusLossCount", "interactionType", "sessionId", "taskId") VALUES ('cmoyyfw6a006xi1x08av77s40', 'cmov6knsm0002i1r0qskuw2b4', 'OPEN_TASK', '::1', 'Mozilla/5.0 (Windows NT 10.0; Win64; x64) AppleWebKit/537.36 (KHTML, like Gecko) Chrome/148.0.0.0 Safari/537.36', '{"taskId": "cmox0cfki000ai14o8kq5ku3k", "campaignId": "cmox0cfjg0004i14o70ob350m"}', '2026-05-09 23:08:04.642', 'cmox0cfjg0004i14o70ob350m', 'cmoyyeiqa0009i1x0mqeqe8ei', 0, 0, '', 'cmoyyeh2b0005i1x00kdp20vi', 'cmox0cfki000ai14o8kq5ku3k');
INSERT INTO public."UserActivityLog" (id, "userId", type, "ipAddress", "userAgent", metadata, "createdAt", "campaignId", "deviceId", "durationSeconds", "focusLossCount", "interactionType", "sessionId", "taskId") VALUES ('cmoyyetgb001zi1x09shrv7lw', 'cmov6knsm0002i1r0qskuw2b4', 'OPEN_TASK', '::1', 'Mozilla/5.0 (Windows NT 10.0; Win64; x64) AppleWebKit/537.36 (KHTML, like Gecko) Chrome/148.0.0.0 Safari/537.36', '{"taskId": "cmox0cfki000ai14o8kq5ku3k", "deviceId": "cmoyyeiqa0009i1x0mqeqe8ei", "sessionId": "cmoyyeh2b0005i1x00kdp20vi", "campaignId": "cmox0cfjg0004i14o70ob350m", "focusLossCount": 1, "durationSeconds": 5, "interactionType": "HEARTBEAT"}', '2026-05-09 23:07:14.459', 'cmox0cfjg0004i14o70ob350m', 'cmoyyeiqa0009i1x0mqeqe8ei', 5, 1, 'HEARTBEAT', 'cmoyyeh2b0005i1x00kdp20vi', 'cmox0cfki000ai14o8kq5ku3k');
INSERT INTO public."UserActivityLog" (id, "userId", type, "ipAddress", "userAgent", metadata, "createdAt", "campaignId", "deviceId", "durationSeconds", "focusLossCount", "interactionType", "sessionId", "taskId") VALUES ('cmoyyevwi002hi1x0vlpqh8tl', 'cmov6knsm0002i1r0qskuw2b4', 'OPEN_TASK', '::1', 'Mozilla/5.0 (Windows NT 10.0; Win64; x64) AppleWebKit/537.36 (KHTML, like Gecko) Chrome/148.0.0.0 Safari/537.36', '{"taskId": "cmox0cfki000ai14o8kq5ku3k", "deviceId": "cmoyyeiqa0009i1x0mqeqe8ei", "sessionId": "cmoyyeh2b0005i1x00kdp20vi", "campaignId": "cmox0cfjg0004i14o70ob350m", "focusLossCount": 1, "durationSeconds": 8, "interactionType": "HEARTBEAT"}', '2026-05-09 23:07:17.634', 'cmox0cfjg0004i14o70ob350m', 'cmoyyeiqa0009i1x0mqeqe8ei', 8, 1, 'HEARTBEAT', 'cmoyyeh2b0005i1x00kdp20vi', 'cmox0cfki000ai14o8kq5ku3k');
INSERT INTO public."UserActivityLog" (id, "userId", type, "ipAddress", "userAgent", metadata, "createdAt", "campaignId", "deviceId", "durationSeconds", "focusLossCount", "interactionType", "sessionId", "taskId") VALUES ('cmoyyez600035i1x0w6wvq32y', 'cmov6knsm0002i1r0qskuw2b4', 'OPEN_TASK', '::1', 'Mozilla/5.0 (Windows NT 10.0; Win64; x64) AppleWebKit/537.36 (KHTML, like Gecko) Chrome/148.0.0.0 Safari/537.36', '{"taskId": "cmox0cfki000ai14o8kq5ku3k", "deviceId": "cmoyyeiqa0009i1x0mqeqe8ei", "sessionId": "cmoyyeh2b0005i1x00kdp20vi", "campaignId": "cmox0cfjg0004i14o70ob350m", "focusLossCount": 1, "durationSeconds": 12, "interactionType": "HEARTBEAT"}', '2026-05-09 23:07:21.865', 'cmox0cfjg0004i14o70ob350m', 'cmoyyeiqa0009i1x0mqeqe8ei', 12, 1, 'HEARTBEAT', 'cmoyyeh2b0005i1x00kdp20vi', 'cmox0cfki000ai14o8kq5ku3k');
INSERT INTO public."UserActivityLog" (id, "userId", type, "ipAddress", "userAgent", metadata, "createdAt", "campaignId", "deviceId", "durationSeconds", "focusLossCount", "interactionType", "sessionId", "taskId") VALUES ('cmoyyfb3h005li1x0ly1tq83p', 'cmov6knsm0002i1r0qskuw2b4', 'OPEN_TASK', '::1', 'Mozilla/5.0 (Windows NT 10.0; Win64; x64) AppleWebKit/537.36 (KHTML, like Gecko) Chrome/148.0.0.0 Safari/537.36', '{"taskId": "cmox0cfki000ai14o8kq5ku3k", "deviceId": "cmoyyeiqa0009i1x0mqeqe8ei", "sessionId": "cmoyyeh2b0005i1x00kdp20vi", "campaignId": "cmox0cfjg0004i14o70ob350m", "focusLossCount": 2, "durationSeconds": 25, "interactionType": "HEARTBEAT"}', '2026-05-09 23:07:37.326', 'cmox0cfjg0004i14o70ob350m', 'cmoyyeiqa0009i1x0mqeqe8ei', 25, 2, 'HEARTBEAT', 'cmoyyeh2b0005i1x00kdp20vi', 'cmox0cfki000ai14o8kq5ku3k');
INSERT INTO public."UserActivityLog" (id, "userId", type, "ipAddress", "userAgent", metadata, "createdAt", "campaignId", "deviceId", "durationSeconds", "focusLossCount", "interactionType", "sessionId", "taskId") VALUES ('cmoyyg2yq0087i1x0g8id3kjf', 'cmov6knsm0002i1r0qskuw2b4', 'OPEN_TASK', '::1', 'Mozilla/5.0 (Windows NT 10.0; Win64; x64) AppleWebKit/537.36 (KHTML, like Gecko) Chrome/148.0.0.0 Safari/537.36', '{"taskId": "cmox0cfki000ai14o8kq5ku3k", "deviceId": "cmoyyeiqa0009i1x0mqeqe8ei", "sessionId": "cmoyyfx6r006zi1x0gt5j6hi2", "campaignId": "cmox0cfjg0004i14o70ob350m", "focusLossCount": 1, "durationSeconds": 7, "interactionType": "HEARTBEAT"}', '2026-05-09 23:08:13.442', 'cmox0cfjg0004i14o70ob350m', 'cmoyyeiqa0009i1x0mqeqe8ei', 7, 1, 'HEARTBEAT', 'cmoyyfx6r006zi1x0gt5j6hi2', 'cmox0cfki000ai14o8kq5ku3k');
INSERT INTO public."UserActivityLog" (id, "userId", type, "ipAddress", "userAgent", metadata, "createdAt", "campaignId", "deviceId", "durationSeconds", "focusLossCount", "interactionType", "sessionId", "taskId") VALUES ('cmoyyg5ei008pi1x0hbp7rhsi', 'cmov6knsm0002i1r0qskuw2b4', 'OPEN_TASK', '::1', 'Mozilla/5.0 (Windows NT 10.0; Win64; x64) AppleWebKit/537.36 (KHTML, like Gecko) Chrome/148.0.0.0 Safari/537.36', '{"taskId": "cmox0cfki000ai14o8kq5ku3k", "deviceId": "cmoyyeiqa0009i1x0mqeqe8ei", "sessionId": "cmoyyfx6r006zi1x0gt5j6hi2", "campaignId": "cmox0cfjg0004i14o70ob350m", "focusLossCount": 1, "durationSeconds": 10, "interactionType": "HEARTBEAT"}', '2026-05-09 23:08:16.602', 'cmox0cfjg0004i14o70ob350m', 'cmoyyeiqa0009i1x0mqeqe8ei', 10, 1, 'HEARTBEAT', 'cmoyyfx6r006zi1x0gt5j6hi2', 'cmox0cfki000ai14o8kq5ku3k');
INSERT INTO public."UserActivityLog" (id, "userId", type, "ipAddress", "userAgent", metadata, "createdAt", "campaignId", "deviceId", "durationSeconds", "focusLossCount", "interactionType", "sessionId", "taskId") VALUES ('cmoyyeu9a0025i1x0mq7v4z89', 'cmov6knsm0002i1r0qskuw2b4', 'OPEN_TASK', '::1', 'Mozilla/5.0 (Windows NT 10.0; Win64; x64) AppleWebKit/537.36 (KHTML, like Gecko) Chrome/148.0.0.0 Safari/537.36', '{"taskId": "cmox0cfki000ai14o8kq5ku3k", "deviceId": "cmoyyeiqa0009i1x0mqeqe8ei", "sessionId": "cmoyyeh2b0005i1x00kdp20vi", "campaignId": "cmox0cfjg0004i14o70ob350m", "focusLossCount": 1, "durationSeconds": 6, "interactionType": "HEARTBEAT"}', '2026-05-09 23:07:15.502', 'cmox0cfjg0004i14o70ob350m', 'cmoyyeiqa0009i1x0mqeqe8ei', 6, 1, 'HEARTBEAT', 'cmoyyeh2b0005i1x00kdp20vi', 'cmox0cfki000ai14o8kq5ku3k');
INSERT INTO public."UserActivityLog" (id, "userId", type, "ipAddress", "userAgent", metadata, "createdAt", "campaignId", "deviceId", "durationSeconds", "focusLossCount", "interactionType", "sessionId", "taskId") VALUES ('cmoyyexj7002ti1x0dlfaflla', 'cmov6knsm0002i1r0qskuw2b4', 'OPEN_TASK', '::1', 'Mozilla/5.0 (Windows NT 10.0; Win64; x64) AppleWebKit/537.36 (KHTML, like Gecko) Chrome/148.0.0.0 Safari/537.36', '{"taskId": "cmox0cfki000ai14o8kq5ku3k", "deviceId": "cmoyyeiqa0009i1x0mqeqe8ei", "sessionId": "cmoyyeh2b0005i1x00kdp20vi", "campaignId": "cmox0cfjg0004i14o70ob350m", "focusLossCount": 1, "durationSeconds": 10, "interactionType": "HEARTBEAT"}', '2026-05-09 23:07:19.747', 'cmox0cfjg0004i14o70ob350m', 'cmoyyeiqa0009i1x0mqeqe8ei', 10, 1, 'HEARTBEAT', 'cmoyyeh2b0005i1x00kdp20vi', 'cmox0cfki000ai14o8kq5ku3k');
INSERT INTO public."UserActivityLog" (id, "userId", type, "ipAddress", "userAgent", metadata, "createdAt", "campaignId", "deviceId", "durationSeconds", "focusLossCount", "interactionType", "sessionId", "taskId") VALUES ('cmoyyf1x3003ni1x05p1db9t4', 'cmov6knsm0002i1r0qskuw2b4', 'OPEN_TASK', '::1', 'Mozilla/5.0 (Windows NT 10.0; Win64; x64) AppleWebKit/537.36 (KHTML, like Gecko) Chrome/148.0.0.0 Safari/537.36', '{"taskId": "cmox0cfki000ai14o8kq5ku3k", "deviceId": "cmoyyeiqa0009i1x0mqeqe8ei", "sessionId": "cmoyyeh2b0005i1x00kdp20vi", "campaignId": "cmox0cfjg0004i14o70ob350m", "focusLossCount": 2, "durationSeconds": 14, "interactionType": "HEARTBEAT"}', '2026-05-09 23:07:25.431', 'cmox0cfjg0004i14o70ob350m', 'cmoyyeiqa0009i1x0mqeqe8ei', 14, 2, 'HEARTBEAT', 'cmoyyeh2b0005i1x00kdp20vi', 'cmox0cfki000ai14o8kq5ku3k');
INSERT INTO public."UserActivityLog" (id, "userId", type, "ipAddress", "userAgent", metadata, "createdAt", "campaignId", "deviceId", "durationSeconds", "focusLossCount", "interactionType", "sessionId", "taskId") VALUES ('cmoyyf2qt003ti1x0wnqm12cm', 'cmov6knsm0002i1r0qskuw2b4', 'OPEN_TASK', '::1', 'Mozilla/5.0 (Windows NT 10.0; Win64; x64) AppleWebKit/537.36 (KHTML, like Gecko) Chrome/148.0.0.0 Safari/537.36', '{"taskId": "cmox0cfki000ai14o8kq5ku3k", "deviceId": "cmoyyeiqa0009i1x0mqeqe8ei", "sessionId": "cmoyyeh2b0005i1x00kdp20vi", "campaignId": "cmox0cfjg0004i14o70ob350m", "focusLossCount": 2, "durationSeconds": 15, "interactionType": "HEARTBEAT"}', '2026-05-09 23:07:26.501', 'cmox0cfjg0004i14o70ob350m', 'cmoyyeiqa0009i1x0mqeqe8ei', 15, 2, 'HEARTBEAT', 'cmoyyeh2b0005i1x00kdp20vi', 'cmox0cfki000ai14o8kq5ku3k');
INSERT INTO public."UserActivityLog" (id, "userId", type, "ipAddress", "userAgent", metadata, "createdAt", "campaignId", "deviceId", "durationSeconds", "focusLossCount", "interactionType", "sessionId", "taskId") VALUES ('cmoyyg25c0081i1x066phafna', 'cmov6knsm0002i1r0qskuw2b4', 'OPEN_TASK', '::1', 'Mozilla/5.0 (Windows NT 10.0; Win64; x64) AppleWebKit/537.36 (KHTML, like Gecko) Chrome/148.0.0.0 Safari/537.36', '{"taskId": "cmox0cfki000ai14o8kq5ku3k", "deviceId": "cmoyyeiqa0009i1x0mqeqe8ei", "sessionId": "cmoyyfx6r006zi1x0gt5j6hi2", "campaignId": "cmox0cfjg0004i14o70ob350m", "focusLossCount": 1, "durationSeconds": 6, "interactionType": "HEARTBEAT"}', '2026-05-09 23:08:12.384', 'cmox0cfjg0004i14o70ob350m', 'cmoyyeiqa0009i1x0mqeqe8ei', 6, 1, 'HEARTBEAT', 'cmoyyfx6r006zi1x0gt5j6hi2', 'cmox0cfki000ai14o8kq5ku3k');
INSERT INTO public."UserActivityLog" (id, "userId", type, "ipAddress", "userAgent", metadata, "createdAt", "campaignId", "deviceId", "durationSeconds", "focusLossCount", "interactionType", "sessionId", "taskId") VALUES ('cmoyyev2s002bi1x0fm2pcbj3', 'cmov6knsm0002i1r0qskuw2b4', 'OPEN_TASK', '::1', 'Mozilla/5.0 (Windows NT 10.0; Win64; x64) AppleWebKit/537.36 (KHTML, like Gecko) Chrome/148.0.0.0 Safari/537.36', '{"taskId": "cmox0cfki000ai14o8kq5ku3k", "deviceId": "cmoyyeiqa0009i1x0mqeqe8ei", "sessionId": "cmoyyeh2b0005i1x00kdp20vi", "campaignId": "cmox0cfjg0004i14o70ob350m", "focusLossCount": 1, "durationSeconds": 7, "interactionType": "HEARTBEAT"}', '2026-05-09 23:07:16.564', 'cmox0cfjg0004i14o70ob350m', 'cmoyyeiqa0009i1x0mqeqe8ei', 7, 1, 'HEARTBEAT', 'cmoyyeh2b0005i1x00kdp20vi', 'cmox0cfki000ai14o8kq5ku3k');
INSERT INTO public."UserActivityLog" (id, "userId", type, "ipAddress", "userAgent", metadata, "createdAt", "campaignId", "deviceId", "durationSeconds", "focusLossCount", "interactionType", "sessionId", "taskId") VALUES ('cmoyyewps002ni1x048k3469v', 'cmov6knsm0002i1r0qskuw2b4', 'OPEN_TASK', '::1', 'Mozilla/5.0 (Windows NT 10.0; Win64; x64) AppleWebKit/537.36 (KHTML, like Gecko) Chrome/148.0.0.0 Safari/537.36', '{"taskId": "cmox0cfki000ai14o8kq5ku3k", "deviceId": "cmoyyeiqa0009i1x0mqeqe8ei", "sessionId": "cmoyyeh2b0005i1x00kdp20vi", "campaignId": "cmox0cfjg0004i14o70ob350m", "focusLossCount": 1, "durationSeconds": 9, "interactionType": "HEARTBEAT"}', '2026-05-09 23:07:18.688', 'cmox0cfjg0004i14o70ob350m', 'cmoyyeiqa0009i1x0mqeqe8ei', 9, 1, 'HEARTBEAT', 'cmoyyeh2b0005i1x00kdp20vi', 'cmox0cfki000ai14o8kq5ku3k');
INSERT INTO public."UserActivityLog" (id, "userId", type, "ipAddress", "userAgent", metadata, "createdAt", "campaignId", "deviceId", "durationSeconds", "focusLossCount", "interactionType", "sessionId", "taskId") VALUES ('cmoyyf6ub004ni1x0j4e7na05', 'cmov6knsm0002i1r0qskuw2b4', 'OPEN_TASK', '::1', 'Mozilla/5.0 (Windows NT 10.0; Win64; x64) AppleWebKit/537.36 (KHTML, like Gecko) Chrome/148.0.0.0 Safari/537.36', '{"taskId": "cmox0cfki000ai14o8kq5ku3k", "deviceId": "cmoyyeiqa0009i1x0mqeqe8ei", "sessionId": "cmoyyeh2b0005i1x00kdp20vi", "campaignId": "cmox0cfjg0004i14o70ob350m", "focusLossCount": 2, "durationSeconds": 20, "interactionType": "HEARTBEAT"}', '2026-05-09 23:07:31.811', 'cmox0cfjg0004i14o70ob350m', 'cmoyyeiqa0009i1x0mqeqe8ei', 20, 2, 'HEARTBEAT', 'cmoyyeh2b0005i1x00kdp20vi', 'cmox0cfki000ai14o8kq5ku3k');
INSERT INTO public."UserActivityLog" (id, "userId", type, "ipAddress", "userAgent", metadata, "createdAt", "campaignId", "deviceId", "durationSeconds", "focusLossCount", "interactionType", "sessionId", "taskId") VALUES ('cmoyyfh1x006ri1x0ukv11rwp', 'cmov6knsm0002i1r0qskuw2b4', 'OPEN_TASK', '::1', 'Mozilla/5.0 (Windows NT 10.0; Win64; x64) AppleWebKit/537.36 (KHTML, like Gecko) Chrome/148.0.0.0 Safari/537.36', '{"taskId": "cmox0cfki000ai14o8kq5ku3k", "deviceId": "cmoyyeiqa0009i1x0mqeqe8ei", "sessionId": "cmoyyeh2b0005i1x00kdp20vi", "campaignId": "cmox0cfjg0004i14o70ob350m", "focusLossCount": 2, "durationSeconds": 31, "interactionType": "HEARTBEAT"}', '2026-05-09 23:07:45.045', 'cmox0cfjg0004i14o70ob350m', 'cmoyyeiqa0009i1x0mqeqe8ei', 31, 2, 'HEARTBEAT', 'cmoyyeh2b0005i1x00kdp20vi', 'cmox0cfki000ai14o8kq5ku3k');
INSERT INTO public."UserActivityLog" (id, "userId", type, "ipAddress", "userAgent", metadata, "createdAt", "campaignId", "deviceId", "durationSeconds", "focusLossCount", "interactionType", "sessionId", "taskId") VALUES ('cmoyyfh24006ti1x0imfcsuce', 'cmov6knsm0002i1r0qskuw2b4', 'OPEN_TASK', '::1', 'Mozilla/5.0 (Windows NT 10.0; Win64; x64) AppleWebKit/537.36 (KHTML, like Gecko) Chrome/148.0.0.0 Safari/537.36', '{"taskId": "cmox0cfki000ai14o8kq5ku3k", "deviceId": "cmoyyeiqa0009i1x0mqeqe8ei", "sessionId": "cmoyyeh2b0005i1x00kdp20vi", "campaignId": "cmox0cfjg0004i14o70ob350m", "focusLossCount": 2, "durationSeconds": 31, "interactionType": "HEARTBEAT"}', '2026-05-09 23:07:45.052', 'cmox0cfjg0004i14o70ob350m', 'cmoyyeiqa0009i1x0mqeqe8ei', 31, 2, 'HEARTBEAT', 'cmoyyeh2b0005i1x00kdp20vi', 'cmox0cfki000ai14o8kq5ku3k');
INSERT INTO public."UserActivityLog" (id, "userId", type, "ipAddress", "userAgent", metadata, "createdAt", "campaignId", "deviceId", "durationSeconds", "focusLossCount", "interactionType", "sessionId", "taskId") VALUES ('cmoyyfzpb007ji1x0ov58x5ag', 'cmov6knsm0002i1r0qskuw2b4', 'OPEN_TASK', '::1', 'Mozilla/5.0 (Windows NT 10.0; Win64; x64) AppleWebKit/537.36 (KHTML, like Gecko) Chrome/148.0.0.0 Safari/537.36', '{"taskId": "cmox0cfki000ai14o8kq5ku3k", "deviceId": "cmoyyeiqa0009i1x0mqeqe8ei", "sessionId": "cmoyyfx6r006zi1x0gt5j6hi2", "campaignId": "cmox0cfjg0004i14o70ob350m", "focusLossCount": 1, "durationSeconds": 3, "interactionType": "HEARTBEAT"}', '2026-05-09 23:08:09.215', 'cmox0cfjg0004i14o70ob350m', 'cmoyyeiqa0009i1x0mqeqe8ei', 3, 1, 'HEARTBEAT', 'cmoyyfx6r006zi1x0gt5j6hi2', 'cmox0cfki000ai14o8kq5ku3k');
INSERT INTO public."UserActivityLog" (id, "userId", type, "ipAddress", "userAgent", metadata, "createdAt", "campaignId", "deviceId", "durationSeconds", "focusLossCount", "interactionType", "sessionId", "taskId") VALUES ('cmoyyeycs002zi1x0n21ntsjv', 'cmov6knsm0002i1r0qskuw2b4', 'OPEN_TASK', '::1', 'Mozilla/5.0 (Windows NT 10.0; Win64; x64) AppleWebKit/537.36 (KHTML, like Gecko) Chrome/148.0.0.0 Safari/537.36', '{"taskId": "cmox0cfki000ai14o8kq5ku3k", "deviceId": "cmoyyeiqa0009i1x0mqeqe8ei", "sessionId": "cmoyyeh2b0005i1x00kdp20vi", "campaignId": "cmox0cfjg0004i14o70ob350m", "focusLossCount": 1, "durationSeconds": 11, "interactionType": "HEARTBEAT"}', '2026-05-09 23:07:20.812', 'cmox0cfjg0004i14o70ob350m', 'cmoyyeiqa0009i1x0mqeqe8ei', 11, 1, 'HEARTBEAT', 'cmoyyeh2b0005i1x00kdp20vi', 'cmox0cfki000ai14o8kq5ku3k');
INSERT INTO public."UserActivityLog" (id, "userId", type, "ipAddress", "userAgent", metadata, "createdAt", "campaignId", "deviceId", "durationSeconds", "focusLossCount", "interactionType", "sessionId", "taskId") VALUES ('cmoyyf13a003hi1x0nwwtk4s8', 'cmov6knsm0002i1r0qskuw2b4', 'OPEN_TASK', '::1', 'Mozilla/5.0 (Windows NT 10.0; Win64; x64) AppleWebKit/537.36 (KHTML, like Gecko) Chrome/148.0.0.0 Safari/537.36', '{"taskId": "cmox0cfki000ai14o8kq5ku3k", "deviceId": "cmoyyeiqa0009i1x0mqeqe8ei", "sessionId": "cmoyyeh2b0005i1x00kdp20vi", "campaignId": "cmox0cfjg0004i14o70ob350m", "focusLossCount": 2, "durationSeconds": 13, "interactionType": "HEARTBEAT"}', '2026-05-09 23:07:24.358', 'cmox0cfjg0004i14o70ob350m', 'cmoyyeiqa0009i1x0mqeqe8ei', 13, 2, 'HEARTBEAT', 'cmoyyeh2b0005i1x00kdp20vi', 'cmox0cfki000ai14o8kq5ku3k');
INSERT INTO public."UserActivityLog" (id, "userId", type, "ipAddress", "userAgent", metadata, "createdAt", "campaignId", "deviceId", "durationSeconds", "focusLossCount", "interactionType", "sessionId", "taskId") VALUES ('cmoyyfaa1005fi1x0xqrrkd0y', 'cmov6knsm0002i1r0qskuw2b4', 'OPEN_TASK', '::1', 'Mozilla/5.0 (Windows NT 10.0; Win64; x64) AppleWebKit/537.36 (KHTML, like Gecko) Chrome/148.0.0.0 Safari/537.36', '{"taskId": "cmox0cfki000ai14o8kq5ku3k", "deviceId": "cmoyyeiqa0009i1x0mqeqe8ei", "sessionId": "cmoyyeh2b0005i1x00kdp20vi", "campaignId": "cmox0cfjg0004i14o70ob350m", "focusLossCount": 2, "durationSeconds": 24, "interactionType": "HEARTBEAT"}', '2026-05-09 23:07:36.265', 'cmox0cfjg0004i14o70ob350m', 'cmoyyeiqa0009i1x0mqeqe8ei', 24, 2, 'HEARTBEAT', 'cmoyyeh2b0005i1x00kdp20vi', 'cmox0cfki000ai14o8kq5ku3k');
INSERT INTO public."UserActivityLog" (id, "userId", type, "ipAddress", "userAgent", metadata, "createdAt", "campaignId", "deviceId", "durationSeconds", "focusLossCount", "interactionType", "sessionId", "taskId") VALUES ('cmoyyg3rr008di1x0aausirsp', 'cmov6knsm0002i1r0qskuw2b4', 'OPEN_TASK', '::1', 'Mozilla/5.0 (Windows NT 10.0; Win64; x64) AppleWebKit/537.36 (KHTML, like Gecko) Chrome/148.0.0.0 Safari/537.36', '{"taskId": "cmox0cfki000ai14o8kq5ku3k", "deviceId": "cmoyyeiqa0009i1x0mqeqe8ei", "sessionId": "cmoyyfx6r006zi1x0gt5j6hi2", "campaignId": "cmox0cfjg0004i14o70ob350m", "focusLossCount": 1, "durationSeconds": 8, "interactionType": "HEARTBEAT"}', '2026-05-09 23:08:14.488', 'cmox0cfjg0004i14o70ob350m', 'cmoyyeiqa0009i1x0mqeqe8ei', 8, 1, 'HEARTBEAT', 'cmoyyfx6r006zi1x0gt5j6hi2', 'cmox0cfki000ai14o8kq5ku3k');
INSERT INTO public."UserActivityLog" (id, "userId", type, "ipAddress", "userAgent", metadata, "createdAt", "campaignId", "deviceId", "durationSeconds", "focusLossCount", "interactionType", "sessionId", "taskId") VALUES ('cmoyyg67w008vi1x0ogzol88w', 'cmov6knsm0002i1r0qskuw2b4', 'OPEN_TASK', '::1', 'Mozilla/5.0 (Windows NT 10.0; Win64; x64) AppleWebKit/537.36 (KHTML, like Gecko) Chrome/148.0.0.0 Safari/537.36', '{"taskId": "cmox0cfki000ai14o8kq5ku3k", "deviceId": "cmoyyeiqa0009i1x0mqeqe8ei", "sessionId": "cmoyyfx6r006zi1x0gt5j6hi2", "campaignId": "cmox0cfjg0004i14o70ob350m", "focusLossCount": 1, "durationSeconds": 11, "interactionType": "HEARTBEAT"}', '2026-05-09 23:08:17.661', 'cmox0cfjg0004i14o70ob350m', 'cmoyyeiqa0009i1x0mqeqe8ei', 11, 1, 'HEARTBEAT', 'cmoyyfx6r006zi1x0gt5j6hi2', 'cmox0cfki000ai14o8kq5ku3k');
INSERT INTO public."UserActivityLog" (id, "userId", type, "ipAddress", "userAgent", metadata, "createdAt", "campaignId", "deviceId", "durationSeconds", "focusLossCount", "interactionType", "sessionId", "taskId") VALUES ('cmoyyf3k6003zi1x0s4463nlg', 'cmov6knsm0002i1r0qskuw2b4', 'OPEN_TASK', '::1', 'Mozilla/5.0 (Windows NT 10.0; Win64; x64) AppleWebKit/537.36 (KHTML, like Gecko) Chrome/148.0.0.0 Safari/537.36', '{"taskId": "cmox0cfki000ai14o8kq5ku3k", "deviceId": "cmoyyeiqa0009i1x0mqeqe8ei", "sessionId": "cmoyyeh2b0005i1x00kdp20vi", "campaignId": "cmox0cfjg0004i14o70ob350m", "focusLossCount": 2, "durationSeconds": 16, "interactionType": "HEARTBEAT"}', '2026-05-09 23:07:27.558', 'cmox0cfjg0004i14o70ob350m', 'cmoyyeiqa0009i1x0mqeqe8ei', 16, 2, 'HEARTBEAT', 'cmoyyeh2b0005i1x00kdp20vi', 'cmox0cfki000ai14o8kq5ku3k');
INSERT INTO public."UserActivityLog" (id, "userId", type, "ipAddress", "userAgent", metadata, "createdAt", "campaignId", "deviceId", "durationSeconds", "focusLossCount", "interactionType", "sessionId", "taskId") VALUES ('cmoyyf57g004bi1x0sqncfjg0', 'cmov6knsm0002i1r0qskuw2b4', 'OPEN_TASK', '::1', 'Mozilla/5.0 (Windows NT 10.0; Win64; x64) AppleWebKit/537.36 (KHTML, like Gecko) Chrome/148.0.0.0 Safari/537.36', '{"taskId": "cmox0cfki000ai14o8kq5ku3k", "deviceId": "cmoyyeiqa0009i1x0mqeqe8ei", "sessionId": "cmoyyeh2b0005i1x00kdp20vi", "campaignId": "cmox0cfjg0004i14o70ob350m", "focusLossCount": 2, "durationSeconds": 18, "interactionType": "HEARTBEAT"}', '2026-05-09 23:07:29.692', 'cmox0cfjg0004i14o70ob350m', 'cmoyyeiqa0009i1x0mqeqe8ei', 18, 2, 'HEARTBEAT', 'cmoyyeh2b0005i1x00kdp20vi', 'cmox0cfki000ai14o8kq5ku3k');
INSERT INTO public."UserActivityLog" (id, "userId", type, "ipAddress", "userAgent", metadata, "createdAt", "campaignId", "deviceId", "durationSeconds", "focusLossCount", "interactionType", "sessionId", "taskId") VALUES ('cmoyyf60u004hi1x0hs4xdu3g', 'cmov6knsm0002i1r0qskuw2b4', 'OPEN_TASK', '::1', 'Mozilla/5.0 (Windows NT 10.0; Win64; x64) AppleWebKit/537.36 (KHTML, like Gecko) Chrome/148.0.0.0 Safari/537.36', '{"taskId": "cmox0cfki000ai14o8kq5ku3k", "deviceId": "cmoyyeiqa0009i1x0mqeqe8ei", "sessionId": "cmoyyeh2b0005i1x00kdp20vi", "campaignId": "cmox0cfjg0004i14o70ob350m", "focusLossCount": 2, "durationSeconds": 19, "interactionType": "HEARTBEAT"}', '2026-05-09 23:07:30.75', 'cmox0cfjg0004i14o70ob350m', 'cmoyyeiqa0009i1x0mqeqe8ei', 19, 2, 'HEARTBEAT', 'cmoyyeh2b0005i1x00kdp20vi', 'cmox0cfki000ai14o8kq5ku3k');
INSERT INTO public."UserActivityLog" (id, "userId", type, "ipAddress", "userAgent", metadata, "createdAt", "campaignId", "deviceId", "durationSeconds", "focusLossCount", "interactionType", "sessionId", "taskId") VALUES ('cmoyyf7of004ti1x0jbsocfh1', 'cmov6knsm0002i1r0qskuw2b4', 'OPEN_TASK', '::1', 'Mozilla/5.0 (Windows NT 10.0; Win64; x64) AppleWebKit/537.36 (KHTML, like Gecko) Chrome/148.0.0.0 Safari/537.36', '{"taskId": "cmox0cfki000ai14o8kq5ku3k", "deviceId": "cmoyyeiqa0009i1x0mqeqe8ei", "sessionId": "cmoyyeh2b0005i1x00kdp20vi", "campaignId": "cmox0cfjg0004i14o70ob350m", "focusLossCount": 2, "durationSeconds": 21, "interactionType": "HEARTBEAT"}', '2026-05-09 23:07:32.895', 'cmox0cfjg0004i14o70ob350m', 'cmoyyeiqa0009i1x0mqeqe8ei', 21, 2, 'HEARTBEAT', 'cmoyyeh2b0005i1x00kdp20vi', 'cmox0cfki000ai14o8kq5ku3k');
INSERT INTO public."UserActivityLog" (id, "userId", type, "ipAddress", "userAgent", metadata, "createdAt", "campaignId", "deviceId", "durationSeconds", "focusLossCount", "interactionType", "sessionId", "taskId") VALUES ('cmoyyf8n10053i1x0o9p1s5yl', 'cmov6knsm0002i1r0qskuw2b4', 'OPEN_TASK', '::1', 'Mozilla/5.0 (Windows NT 10.0; Win64; x64) AppleWebKit/537.36 (KHTML, like Gecko) Chrome/148.0.0.0 Safari/537.36', '{"taskId": "cmox0cfki000ai14o8kq5ku3k", "deviceId": "cmoyyeiqa0009i1x0mqeqe8ei", "sessionId": "cmoyyeh2b0005i1x00kdp20vi", "campaignId": "cmox0cfjg0004i14o70ob350m", "focusLossCount": 2, "durationSeconds": 22, "interactionType": "HEARTBEAT"}', '2026-05-09 23:07:34.141', 'cmox0cfjg0004i14o70ob350m', 'cmoyyeiqa0009i1x0mqeqe8ei', 22, 2, 'HEARTBEAT', 'cmoyyeh2b0005i1x00kdp20vi', 'cmox0cfki000ai14o8kq5ku3k');
INSERT INTO public."UserActivityLog" (id, "userId", type, "ipAddress", "userAgent", metadata, "createdAt", "campaignId", "deviceId", "durationSeconds", "focusLossCount", "interactionType", "sessionId", "taskId") VALUES ('cmoyyf9gr0059i1x04e826fju', 'cmov6knsm0002i1r0qskuw2b4', 'OPEN_TASK', '::1', 'Mozilla/5.0 (Windows NT 10.0; Win64; x64) AppleWebKit/537.36 (KHTML, like Gecko) Chrome/148.0.0.0 Safari/537.36', '{"taskId": "cmox0cfki000ai14o8kq5ku3k", "deviceId": "cmoyyeiqa0009i1x0mqeqe8ei", "sessionId": "cmoyyeh2b0005i1x00kdp20vi", "campaignId": "cmox0cfjg0004i14o70ob350m", "focusLossCount": 2, "durationSeconds": 23, "interactionType": "HEARTBEAT"}', '2026-05-09 23:07:35.211', 'cmox0cfjg0004i14o70ob350m', 'cmoyyeiqa0009i1x0mqeqe8ei', 23, 2, 'HEARTBEAT', 'cmoyyeh2b0005i1x00kdp20vi', 'cmox0cfki000ai14o8kq5ku3k');
INSERT INTO public."UserActivityLog" (id, "userId", type, "ipAddress", "userAgent", metadata, "createdAt", "campaignId", "deviceId", "durationSeconds", "focusLossCount", "interactionType", "sessionId", "taskId") VALUES ('cmoyyfbx1005ri1x01lls39j5', 'cmov6knsm0002i1r0qskuw2b4', 'OPEN_TASK', '::1', 'Mozilla/5.0 (Windows NT 10.0; Win64; x64) AppleWebKit/537.36 (KHTML, like Gecko) Chrome/148.0.0.0 Safari/537.36', '{"taskId": "cmox0cfki000ai14o8kq5ku3k", "deviceId": "cmoyyeiqa0009i1x0mqeqe8ei", "sessionId": "cmoyyeh2b0005i1x00kdp20vi", "campaignId": "cmox0cfjg0004i14o70ob350m", "focusLossCount": 2, "durationSeconds": 26, "interactionType": "HEARTBEAT"}', '2026-05-09 23:07:38.389', 'cmox0cfjg0004i14o70ob350m', 'cmoyyeiqa0009i1x0mqeqe8ei', 26, 2, 'HEARTBEAT', 'cmoyyeh2b0005i1x00kdp20vi', 'cmox0cfki000ai14o8kq5ku3k');
INSERT INTO public."UserActivityLog" (id, "userId", type, "ipAddress", "userAgent", metadata, "createdAt", "campaignId", "deviceId", "durationSeconds", "focusLossCount", "interactionType", "sessionId", "taskId") VALUES ('cmoyyfed20069i1x0ix9uuq17', 'cmov6knsm0002i1r0qskuw2b4', 'OPEN_TASK', '::1', 'Mozilla/5.0 (Windows NT 10.0; Win64; x64) AppleWebKit/537.36 (KHTML, like Gecko) Chrome/148.0.0.0 Safari/537.36', '{"taskId": "cmox0cfki000ai14o8kq5ku3k", "deviceId": "cmoyyeiqa0009i1x0mqeqe8ei", "sessionId": "cmoyyeh2b0005i1x00kdp20vi", "campaignId": "cmox0cfjg0004i14o70ob350m", "focusLossCount": 2, "durationSeconds": 29, "interactionType": "HEARTBEAT"}', '2026-05-09 23:07:41.559', 'cmox0cfjg0004i14o70ob350m', 'cmoyyeiqa0009i1x0mqeqe8ei', 29, 2, 'HEARTBEAT', 'cmoyyeh2b0005i1x00kdp20vi', 'cmox0cfki000ai14o8kq5ku3k');
INSERT INTO public."UserActivityLog" (id, "userId", type, "ipAddress", "userAgent", metadata, "createdAt", "campaignId", "deviceId", "durationSeconds", "focusLossCount", "interactionType", "sessionId", "taskId") VALUES ('cmoyyff6t006fi1x0q3usxryp', 'cmov6knsm0002i1r0qskuw2b4', 'OPEN_TASK', '::1', 'Mozilla/5.0 (Windows NT 10.0; Win64; x64) AppleWebKit/537.36 (KHTML, like Gecko) Chrome/148.0.0.0 Safari/537.36', '{"taskId": "cmox0cfki000ai14o8kq5ku3k", "deviceId": "cmoyyeiqa0009i1x0mqeqe8ei", "sessionId": "cmoyyeh2b0005i1x00kdp20vi", "campaignId": "cmox0cfjg0004i14o70ob350m", "focusLossCount": 2, "durationSeconds": 30, "interactionType": "HEARTBEAT"}', '2026-05-09 23:07:42.63', 'cmox0cfjg0004i14o70ob350m', 'cmoyyeiqa0009i1x0mqeqe8ei', 30, 2, 'HEARTBEAT', 'cmoyyeh2b0005i1x00kdp20vi', 'cmox0cfki000ai14o8kq5ku3k');
INSERT INTO public."UserActivityLog" (id, "userId", type, "ipAddress", "userAgent", metadata, "createdAt", "campaignId", "deviceId", "durationSeconds", "focusLossCount", "interactionType", "sessionId", "taskId") VALUES ('cmoyyfh1g006ni1x0udx0u885', 'cmov6knsm0002i1r0qskuw2b4', 'OPEN_TASK', '::1', 'Mozilla/5.0 (Windows NT 10.0; Win64; x64) AppleWebKit/537.36 (KHTML, like Gecko) Chrome/148.0.0.0 Safari/537.36', '{"taskId": "cmox0cfki000ai14o8kq5ku3k", "sessionId": "cmoyyeh2b0005i1x00kdp20vi", "campaignId": "cmox0cfjg0004i14o70ob350m", "focusLossCount": 2, "durationSeconds": 30, "interactionType": "SESSION_FINISH"}', '2026-05-09 23:07:45.028', 'cmox0cfjg0004i14o70ob350m', 'cmoyyeiqa0009i1x0mqeqe8ei', 30, 2, 'SESSION_FINISH', 'cmoyyeh2b0005i1x00kdp20vi', 'cmox0cfki000ai14o8kq5ku3k');
INSERT INTO public."UserActivityLog" (id, "userId", type, "ipAddress", "userAgent", metadata, "createdAt", "campaignId", "deviceId", "durationSeconds", "focusLossCount", "interactionType", "sessionId", "taskId") VALUES ('cmoyyfx760071i1x0d3pzf2q3', 'cmov6knsm0002i1r0qskuw2b4', 'OPEN_EXTERNAL_CONTENT', '::1', 'Mozilla/5.0 (Windows NT 10.0; Win64; x64) AppleWebKit/537.36 (KHTML, like Gecko) Chrome/148.0.0.0 Safari/537.36', '{"taskId": "cmox0cfki000ai14o8kq5ku3k", "sessionId": "cmoyyfx6r006zi1x0gt5j6hi2", "campaignId": "cmox0cfjg0004i14o70ob350m", "interactionType": "SESSION_START"}', '2026-05-09 23:08:05.97', 'cmox0cfjg0004i14o70ob350m', 'cmoyyeiqa0009i1x0mqeqe8ei', 0, 0, 'SESSION_START', 'cmoyyfx6r006zi1x0gt5j6hi2', 'cmox0cfki000ai14o8kq5ku3k');
INSERT INTO public."UserActivityLog" (id, "userId", type, "ipAddress", "userAgent", metadata, "createdAt", "campaignId", "deviceId", "durationSeconds", "focusLossCount", "interactionType", "sessionId", "taskId") VALUES ('cmoyyfy1i0077i1x0vt9o6bej', 'cmov6knsm0002i1r0qskuw2b4', 'OPEN_TASK', '::1', 'Mozilla/5.0 (Windows NT 10.0; Win64; x64) AppleWebKit/537.36 (KHTML, like Gecko) Chrome/148.0.0.0 Safari/537.36', '{"taskId": "cmox0cfki000ai14o8kq5ku3k", "deviceId": "cmoyyeiqa0009i1x0mqeqe8ei", "sessionId": "cmoyyfx6r006zi1x0gt5j6hi2", "campaignId": "cmox0cfjg0004i14o70ob350m", "focusLossCount": 1, "durationSeconds": 1, "interactionType": "HEARTBEAT"}', '2026-05-09 23:08:07.062', 'cmox0cfjg0004i14o70ob350m', 'cmoyyeiqa0009i1x0mqeqe8ei', 1, 1, 'HEARTBEAT', 'cmoyyfx6r006zi1x0gt5j6hi2', 'cmox0cfki000ai14o8kq5ku3k');
INSERT INTO public."UserActivityLog" (id, "userId", type, "ipAddress", "userAgent", metadata, "createdAt", "campaignId", "deviceId", "durationSeconds", "focusLossCount", "interactionType", "sessionId", "taskId") VALUES ('cmoyyfyvf007di1x0stxzi0ym', 'cmov6knsm0002i1r0qskuw2b4', 'OPEN_TASK', '::1', 'Mozilla/5.0 (Windows NT 10.0; Win64; x64) AppleWebKit/537.36 (KHTML, like Gecko) Chrome/148.0.0.0 Safari/537.36', '{"taskId": "cmox0cfki000ai14o8kq5ku3k", "deviceId": "cmoyyeiqa0009i1x0mqeqe8ei", "sessionId": "cmoyyfx6r006zi1x0gt5j6hi2", "campaignId": "cmox0cfjg0004i14o70ob350m", "focusLossCount": 1, "durationSeconds": 2, "interactionType": "HEARTBEAT"}', '2026-05-09 23:08:08.139', 'cmox0cfjg0004i14o70ob350m', 'cmoyyeiqa0009i1x0mqeqe8ei', 2, 1, 'HEARTBEAT', 'cmoyyfx6r006zi1x0gt5j6hi2', 'cmox0cfki000ai14o8kq5ku3k');
INSERT INTO public."UserActivityLog" (id, "userId", type, "ipAddress", "userAgent", metadata, "createdAt", "campaignId", "deviceId", "durationSeconds", "focusLossCount", "interactionType", "sessionId", "taskId") VALUES ('cmoyyfdjs0063i1x0xkxi08nf', 'cmov6knsm0002i1r0qskuw2b4', 'OPEN_TASK', '::1', 'Mozilla/5.0 (Windows NT 10.0; Win64; x64) AppleWebKit/537.36 (KHTML, like Gecko) Chrome/148.0.0.0 Safari/537.36', '{"taskId": "cmox0cfki000ai14o8kq5ku3k", "deviceId": "cmoyyeiqa0009i1x0mqeqe8ei", "sessionId": "cmoyyeh2b0005i1x00kdp20vi", "campaignId": "cmox0cfjg0004i14o70ob350m", "focusLossCount": 2, "durationSeconds": 28, "interactionType": "HEARTBEAT"}', '2026-05-09 23:07:40.504', 'cmox0cfjg0004i14o70ob350m', 'cmoyyeiqa0009i1x0mqeqe8ei', 28, 2, 'HEARTBEAT', 'cmoyyeh2b0005i1x00kdp20vi', 'cmox0cfki000ai14o8kq5ku3k');
INSERT INTO public."UserActivityLog" (id, "userId", type, "ipAddress", "userAgent", metadata, "createdAt", "campaignId", "deviceId", "durationSeconds", "focusLossCount", "interactionType", "sessionId", "taskId") VALUES ('cmoyyg0iv007pi1x0tbjdjvf1', 'cmov6knsm0002i1r0qskuw2b4', 'OPEN_TASK', '::1', 'Mozilla/5.0 (Windows NT 10.0; Win64; x64) AppleWebKit/537.36 (KHTML, like Gecko) Chrome/148.0.0.0 Safari/537.36', '{"taskId": "cmox0cfki000ai14o8kq5ku3k", "deviceId": "cmoyyeiqa0009i1x0mqeqe8ei", "sessionId": "cmoyyfx6r006zi1x0gt5j6hi2", "campaignId": "cmox0cfjg0004i14o70ob350m", "focusLossCount": 1, "durationSeconds": 4, "interactionType": "HEARTBEAT"}', '2026-05-09 23:08:10.279', 'cmox0cfjg0004i14o70ob350m', 'cmoyyeiqa0009i1x0mqeqe8ei', 4, 1, 'HEARTBEAT', 'cmoyyfx6r006zi1x0gt5j6hi2', 'cmox0cfki000ai14o8kq5ku3k');
INSERT INTO public."UserActivityLog" (id, "userId", type, "ipAddress", "userAgent", metadata, "createdAt", "campaignId", "deviceId", "durationSeconds", "focusLossCount", "interactionType", "sessionId", "taskId") VALUES ('cmoyyg1c7007vi1x0joday7dt', 'cmov6knsm0002i1r0qskuw2b4', 'OPEN_TASK', '::1', 'Mozilla/5.0 (Windows NT 10.0; Win64; x64) AppleWebKit/537.36 (KHTML, like Gecko) Chrome/148.0.0.0 Safari/537.36', '{"taskId": "cmox0cfki000ai14o8kq5ku3k", "deviceId": "cmoyyeiqa0009i1x0mqeqe8ei", "sessionId": "cmoyyfx6r006zi1x0gt5j6hi2", "campaignId": "cmox0cfjg0004i14o70ob350m", "focusLossCount": 1, "durationSeconds": 5, "interactionType": "HEARTBEAT"}', '2026-05-09 23:08:11.336', 'cmox0cfjg0004i14o70ob350m', 'cmoyyeiqa0009i1x0mqeqe8ei', 5, 1, 'HEARTBEAT', 'cmoyyfx6r006zi1x0gt5j6hi2', 'cmox0cfki000ai14o8kq5ku3k');
INSERT INTO public."UserActivityLog" (id, "userId", type, "ipAddress", "userAgent", metadata, "createdAt", "campaignId", "deviceId", "durationSeconds", "focusLossCount", "interactionType", "sessionId", "taskId") VALUES ('cmoyyg4l1008ji1x0mrob78lh', 'cmov6knsm0002i1r0qskuw2b4', 'OPEN_TASK', '::1', 'Mozilla/5.0 (Windows NT 10.0; Win64; x64) AppleWebKit/537.36 (KHTML, like Gecko) Chrome/148.0.0.0 Safari/537.36', '{"taskId": "cmox0cfki000ai14o8kq5ku3k", "deviceId": "cmoyyeiqa0009i1x0mqeqe8ei", "sessionId": "cmoyyfx6r006zi1x0gt5j6hi2", "campaignId": "cmox0cfjg0004i14o70ob350m", "focusLossCount": 1, "durationSeconds": 9, "interactionType": "HEARTBEAT"}', '2026-05-09 23:08:15.542', 'cmox0cfjg0004i14o70ob350m', 'cmoyyeiqa0009i1x0mqeqe8ei', 9, 1, 'HEARTBEAT', 'cmoyyfx6r006zi1x0gt5j6hi2', 'cmox0cfki000ai14o8kq5ku3k');
INSERT INTO public."UserActivityLog" (id, "userId", type, "ipAddress", "userAgent", metadata, "createdAt", "campaignId", "deviceId", "durationSeconds", "focusLossCount", "interactionType", "sessionId", "taskId") VALUES ('cmoyyg71h0091i1x06lk51uva', 'cmov6knsm0002i1r0qskuw2b4', 'OPEN_TASK', '::1', 'Mozilla/5.0 (Windows NT 10.0; Win64; x64) AppleWebKit/537.36 (KHTML, like Gecko) Chrome/148.0.0.0 Safari/537.36', '{"taskId": "cmox0cfki000ai14o8kq5ku3k", "deviceId": "cmoyyeiqa0009i1x0mqeqe8ei", "sessionId": "cmoyyfx6r006zi1x0gt5j6hi2", "campaignId": "cmox0cfjg0004i14o70ob350m", "focusLossCount": 1, "durationSeconds": 12, "interactionType": "HEARTBEAT"}', '2026-05-09 23:08:18.725', 'cmox0cfjg0004i14o70ob350m', 'cmoyyeiqa0009i1x0mqeqe8ei', 12, 1, 'HEARTBEAT', 'cmoyyfx6r006zi1x0gt5j6hi2', 'cmox0cfki000ai14o8kq5ku3k');
INSERT INTO public."UserActivityLog" (id, "userId", type, "ipAddress", "userAgent", metadata, "createdAt", "campaignId", "deviceId", "durationSeconds", "focusLossCount", "interactionType", "sessionId", "taskId") VALUES ('cmoyyg7v30097i1x0bmb4s0zs', 'cmov6knsm0002i1r0qskuw2b4', 'OPEN_TASK', '::1', 'Mozilla/5.0 (Windows NT 10.0; Win64; x64) AppleWebKit/537.36 (KHTML, like Gecko) Chrome/148.0.0.0 Safari/537.36', '{"taskId": "cmox0cfki000ai14o8kq5ku3k", "deviceId": "cmoyyeiqa0009i1x0mqeqe8ei", "sessionId": "cmoyyfx6r006zi1x0gt5j6hi2", "campaignId": "cmox0cfjg0004i14o70ob350m", "focusLossCount": 1, "durationSeconds": 13, "interactionType": "HEARTBEAT"}', '2026-05-09 23:08:19.791', 'cmox0cfjg0004i14o70ob350m', 'cmoyyeiqa0009i1x0mqeqe8ei', 13, 1, 'HEARTBEAT', 'cmoyyfx6r006zi1x0gt5j6hi2', 'cmox0cfki000ai14o8kq5ku3k');
INSERT INTO public."UserActivityLog" (id, "userId", type, "ipAddress", "userAgent", metadata, "createdAt", "campaignId", "deviceId", "durationSeconds", "focusLossCount", "interactionType", "sessionId", "taskId") VALUES ('cmoyyg8on009di1x06tw8o4e4', 'cmov6knsm0002i1r0qskuw2b4', 'OPEN_TASK', '::1', 'Mozilla/5.0 (Windows NT 10.0; Win64; x64) AppleWebKit/537.36 (KHTML, like Gecko) Chrome/148.0.0.0 Safari/537.36', '{"taskId": "cmox0cfki000ai14o8kq5ku3k", "deviceId": "cmoyyeiqa0009i1x0mqeqe8ei", "sessionId": "cmoyyfx6r006zi1x0gt5j6hi2", "campaignId": "cmox0cfjg0004i14o70ob350m", "focusLossCount": 1, "durationSeconds": 14, "interactionType": "HEARTBEAT"}', '2026-05-09 23:08:20.856', 'cmox0cfjg0004i14o70ob350m', 'cmoyyeiqa0009i1x0mqeqe8ei', 14, 1, 'HEARTBEAT', 'cmoyyfx6r006zi1x0gt5j6hi2', 'cmox0cfki000ai14o8kq5ku3k');
INSERT INTO public."UserActivityLog" (id, "userId", type, "ipAddress", "userAgent", metadata, "createdAt", "campaignId", "deviceId", "durationSeconds", "focusLossCount", "interactionType", "sessionId", "taskId") VALUES ('cmoyyg9hm009ji1x081yv9qqy', 'cmov6knsm0002i1r0qskuw2b4', 'OPEN_TASK', '::1', 'Mozilla/5.0 (Windows NT 10.0; Win64; x64) AppleWebKit/537.36 (KHTML, like Gecko) Chrome/148.0.0.0 Safari/537.36', '{"taskId": "cmox0cfki000ai14o8kq5ku3k", "deviceId": "cmoyyeiqa0009i1x0mqeqe8ei", "sessionId": "cmoyyfx6r006zi1x0gt5j6hi2", "campaignId": "cmox0cfjg0004i14o70ob350m", "focusLossCount": 1, "durationSeconds": 15, "interactionType": "HEARTBEAT"}', '2026-05-09 23:08:21.898', 'cmox0cfjg0004i14o70ob350m', 'cmoyyeiqa0009i1x0mqeqe8ei', 15, 1, 'HEARTBEAT', 'cmoyyfx6r006zi1x0gt5j6hi2', 'cmox0cfki000ai14o8kq5ku3k');
INSERT INTO public."UserActivityLog" (id, "userId", type, "ipAddress", "userAgent", metadata, "createdAt", "campaignId", "deviceId", "durationSeconds", "focusLossCount", "interactionType", "sessionId", "taskId") VALUES ('cmoyygaba009pi1x0hhtu9qsj', 'cmov6knsm0002i1r0qskuw2b4', 'OPEN_TASK', '::1', 'Mozilla/5.0 (Windows NT 10.0; Win64; x64) AppleWebKit/537.36 (KHTML, like Gecko) Chrome/148.0.0.0 Safari/537.36', '{"taskId": "cmox0cfki000ai14o8kq5ku3k", "deviceId": "cmoyyeiqa0009i1x0mqeqe8ei", "sessionId": "cmoyyfx6r006zi1x0gt5j6hi2", "campaignId": "cmox0cfjg0004i14o70ob350m", "focusLossCount": 1, "durationSeconds": 16, "interactionType": "HEARTBEAT"}', '2026-05-09 23:08:22.966', 'cmox0cfjg0004i14o70ob350m', 'cmoyyeiqa0009i1x0mqeqe8ei', 16, 1, 'HEARTBEAT', 'cmoyyfx6r006zi1x0gt5j6hi2', 'cmox0cfki000ai14o8kq5ku3k');
INSERT INTO public."UserActivityLog" (id, "userId", type, "ipAddress", "userAgent", metadata, "createdAt", "campaignId", "deviceId", "durationSeconds", "focusLossCount", "interactionType", "sessionId", "taskId") VALUES ('cmoyygb4s009vi1x0686fkofz', 'cmov6knsm0002i1r0qskuw2b4', 'OPEN_TASK', '::1', 'Mozilla/5.0 (Windows NT 10.0; Win64; x64) AppleWebKit/537.36 (KHTML, like Gecko) Chrome/148.0.0.0 Safari/537.36', '{"taskId": "cmox0cfki000ai14o8kq5ku3k", "deviceId": "cmoyyeiqa0009i1x0mqeqe8ei", "sessionId": "cmoyyfx6r006zi1x0gt5j6hi2", "campaignId": "cmox0cfjg0004i14o70ob350m", "focusLossCount": 1, "durationSeconds": 17, "interactionType": "HEARTBEAT"}', '2026-05-09 23:08:24.028', 'cmox0cfjg0004i14o70ob350m', 'cmoyyeiqa0009i1x0mqeqe8ei', 17, 1, 'HEARTBEAT', 'cmoyyfx6r006zi1x0gt5j6hi2', 'cmox0cfki000ai14o8kq5ku3k');
INSERT INTO public."UserActivityLog" (id, "userId", type, "ipAddress", "userAgent", metadata, "createdAt", "campaignId", "deviceId", "durationSeconds", "focusLossCount", "interactionType", "sessionId", "taskId") VALUES ('cmoyygboh009xi1x0gwkqh8xb', 'cmov6knsm0002i1r0qskuw2b4', 'OPEN_TASK', '::1', 'Mozilla/5.0 (Windows NT 10.0; Win64; x64) AppleWebKit/537.36 (KHTML, like Gecko) Chrome/148.0.0.0 Safari/537.36', '{"taskId": "cmox0cfki000ai14o8kq5ku3k", "sessionId": "cmoyyfx6r006zi1x0gt5j6hi2", "campaignId": "cmox0cfjg0004i14o70ob350m", "focusLossCount": 1, "durationSeconds": 17, "interactionType": "SESSION_FINISH"}', '2026-05-09 23:08:24.737', 'cmox0cfjg0004i14o70ob350m', 'cmoyyeiqa0009i1x0mqeqe8ei', 17, 1, 'SESSION_FINISH', 'cmoyyfx6r006zi1x0gt5j6hi2', 'cmox0cfki000ai14o8kq5ku3k');
INSERT INTO public."UserActivityLog" (id, "userId", type, "ipAddress", "userAgent", metadata, "createdAt", "campaignId", "deviceId", "durationSeconds", "focusLossCount", "interactionType", "sessionId", "taskId") VALUES ('cmoyygpnm00a1i1x0vqfbwy57', 'cmov6knsm0002i1r0qskuw2b4', 'SUBMIT_PROOF', '::1', 'Mozilla/5.0 (Windows NT 10.0; Win64; x64) AppleWebKit/537.36 (KHTML, like Gecko) Chrome/148.0.0.0 Safari/537.36', '{"taskId": "cmox0cfki000ai14o8kq5ku3k", "campaignId": "cmox0cfjg0004i14o70ob350m"}', '2026-05-09 23:08:42.85', 'cmox0cfjg0004i14o70ob350m', 'cmoyyeiqa0009i1x0mqeqe8ei', 0, 0, '', 'cmoyyfx6r006zi1x0gt5j6hi2', 'cmox0cfki000ai14o8kq5ku3k');
INSERT INTO public."UserActivityLog" (id, "userId", type, "ipAddress", "userAgent", metadata, "createdAt", "campaignId", "deviceId", "durationSeconds", "focusLossCount", "interactionType", "sessionId", "taskId") VALUES ('cmoyygpps00a3i1x0kureb54b', 'cmov6knsm0002i1r0qskuw2b4', 'OPEN_TASK', '::1', 'Mozilla/5.0 (Windows NT 10.0; Win64; x64) AppleWebKit/537.36 (KHTML, like Gecko) Chrome/148.0.0.0 Safari/537.36', '{"taskId": "cmox0cfki000ai14o8kq5ku3k", "campaignId": "cmox0cfjg0004i14o70ob350m"}', '2026-05-09 23:08:42.928', 'cmox0cfjg0004i14o70ob350m', 'cmoyyeiqa0009i1x0mqeqe8ei', 0, 0, '', 'cmoyyfx6r006zi1x0gt5j6hi2', 'cmox0cfki000ai14o8kq5ku3k');
INSERT INTO public."UserActivityLog" (id, "userId", type, "ipAddress", "userAgent", metadata, "createdAt", "campaignId", "deviceId", "durationSeconds", "focusLossCount", "interactionType", "sessionId", "taskId") VALUES ('cmp0uukly0001i1schhr2724b', 'cmov6knsm0002i1r0qskuw2b4', 'LOGIN', '::1', 'Mozilla/5.0 (Windows NT 10.0; Win64; x64) AppleWebKit/537.36 (KHTML, like Gecko) Chrome/148.0.0.0 Safari/537.36', '{"role": "USER", "method": "email_password"}', '2026-05-11 07:03:03.379', 'cmox0cfjg0004i14o70ob350m', 'cmoyyeiqa0009i1x0mqeqe8ei', 0, 0, '', 'cmoyyfx6r006zi1x0gt5j6hi2', 'cmox0cfki000ai14o8kq5ku3k');


--
-- Data for Name: UserInternalNote; Type: TABLE DATA; Schema: public; Owner: postgres
--



--
-- Data for Name: UserRiskEvent; Type: TABLE DATA; Schema: public; Owner: postgres
--

INSERT INTO public."UserRiskEvent" (id, "userId", severity, reason, metadata, "createdAt") VALUES ('cmoyyeiqk000bi1x0c7cluq3p', 'cmov6knsm0002i1r0qskuw2b4', 'HIGH', 'Fingerprint compartilhado entre múltiplas contas.', '{"linkedUsers": ["cmox0cfnu000ci14ogmgitmrg"]}', '2026-05-09 23:07:00.573');
INSERT INTO public."UserRiskEvent" (id, "userId", severity, reason, metadata, "createdAt") VALUES ('cmoyyeiql000di1x0j9q0knm7', 'cmov6knsm0002i1r0qskuw2b4', 'HIGH', 'Fingerprint compartilhado entre múltiplas contas.', '{"linkedUsers": ["cmox0cfnu000ci14ogmgitmrg"]}', '2026-05-09 23:07:00.573');
INSERT INTO public."UserRiskEvent" (id, "userId", severity, reason, metadata, "createdAt") VALUES ('cmoyyejko000li1x0zjw12fm4', 'cmov6knsm0002i1r0qskuw2b4', 'HIGH', 'Fingerprint compartilhado entre múltiplas contas.', '{"linkedUsers": ["cmox0cfnu000ci14ogmgitmrg"]}', '2026-05-09 23:07:01.657');
INSERT INTO public."UserRiskEvent" (id, "userId", severity, reason, metadata, "createdAt") VALUES ('cmoyyekek000ri1x0jp4mlb38', 'cmov6knsm0002i1r0qskuw2b4', 'HIGH', 'Fingerprint compartilhado entre múltiplas contas.', '{"linkedUsers": ["cmox0cfnu000ci14ogmgitmrg"]}', '2026-05-09 23:07:02.732');
INSERT INTO public."UserRiskEvent" (id, "userId", severity, reason, metadata, "createdAt") VALUES ('cmoyyelof000xi1x03qkmtahp', 'cmov6knsm0002i1r0qskuw2b4', 'HIGH', 'Fingerprint compartilhado entre múltiplas contas.', '{"linkedUsers": ["cmox0cfnu000ci14ogmgitmrg"]}', '2026-05-09 23:07:04.383');
INSERT INTO public."UserRiskEvent" (id, "userId", severity, reason, metadata, "createdAt") VALUES ('cmoyyen7p0013i1x0l8e005u3', 'cmov6knsm0002i1r0qskuw2b4', 'HIGH', 'Fingerprint compartilhado entre múltiplas contas.', '{"linkedUsers": ["cmox0cfnu000ci14ogmgitmrg"]}', '2026-05-09 23:07:06.374');
INSERT INTO public."UserRiskEvent" (id, "userId", severity, reason, metadata, "createdAt") VALUES ('cmoyyeorj0019i1x04hqhqg3z', 'cmov6knsm0002i1r0qskuw2b4', 'HIGH', 'Fingerprint compartilhado entre múltiplas contas.', '{"linkedUsers": ["cmox0cfnu000ci14ogmgitmrg"]}', '2026-05-09 23:07:08.383');
INSERT INTO public."UserRiskEvent" (id, "userId", severity, reason, metadata, "createdAt") VALUES ('cmoyyeqb6001fi1x0u9emaeat', 'cmov6knsm0002i1r0qskuw2b4', 'HIGH', 'Fingerprint compartilhado entre múltiplas contas.', '{"linkedUsers": ["cmox0cfnu000ci14ogmgitmrg"]}', '2026-05-09 23:07:10.387');
INSERT INTO public."UserRiskEvent" (id, "userId", severity, reason, metadata, "createdAt") VALUES ('cmoyyert7001li1x0cj3frco8', 'cmov6knsm0002i1r0qskuw2b4', 'HIGH', 'Fingerprint compartilhado entre múltiplas contas.', '{"linkedUsers": ["cmox0cfnu000ci14ogmgitmrg"]}', '2026-05-09 23:07:12.331');
INSERT INTO public."UserRiskEvent" (id, "userId", severity, reason, metadata, "createdAt") VALUES ('cmoyyesn9001ri1x0euvy39a6', 'cmov6knsm0002i1r0qskuw2b4', 'HIGH', 'Fingerprint compartilhado entre múltiplas contas.', '{"linkedUsers": ["cmox0cfnu000ci14ogmgitmrg"]}', '2026-05-09 23:07:13.414');
INSERT INTO public."UserRiskEvent" (id, "userId", severity, reason, metadata, "createdAt") VALUES ('cmoyyetg5001xi1x09x477uxu', 'cmov6knsm0002i1r0qskuw2b4', 'HIGH', 'Fingerprint compartilhado entre múltiplas contas.', '{"linkedUsers": ["cmox0cfnu000ci14ogmgitmrg"]}', '2026-05-09 23:07:14.453');
INSERT INTO public."UserRiskEvent" (id, "userId", severity, reason, metadata, "createdAt") VALUES ('cmoyyeu940023i1x05wdg8b4i', 'cmov6knsm0002i1r0qskuw2b4', 'HIGH', 'Fingerprint compartilhado entre múltiplas contas.', '{"linkedUsers": ["cmox0cfnu000ci14ogmgitmrg"]}', '2026-05-09 23:07:15.497');
INSERT INTO public."UserRiskEvent" (id, "userId", severity, reason, metadata, "createdAt") VALUES ('cmoyyev2k0029i1x0nubvvp1c', 'cmov6knsm0002i1r0qskuw2b4', 'HIGH', 'Fingerprint compartilhado entre múltiplas contas.', '{"linkedUsers": ["cmox0cfnu000ci14ogmgitmrg"]}', '2026-05-09 23:07:16.556');
INSERT INTO public."UserRiskEvent" (id, "userId", severity, reason, metadata, "createdAt") VALUES ('cmoyyevwc002fi1x0qi42an3a', 'cmov6knsm0002i1r0qskuw2b4', 'HIGH', 'Fingerprint compartilhado entre múltiplas contas.', '{"linkedUsers": ["cmox0cfnu000ci14ogmgitmrg"]}', '2026-05-09 23:07:17.628');
INSERT INTO public."UserRiskEvent" (id, "userId", severity, reason, metadata, "createdAt") VALUES ('cmoyyewpl002li1x0ahurm5d8', 'cmov6knsm0002i1r0qskuw2b4', 'HIGH', 'Fingerprint compartilhado entre múltiplas contas.', '{"linkedUsers": ["cmox0cfnu000ci14ogmgitmrg"]}', '2026-05-09 23:07:18.682');
INSERT INTO public."UserRiskEvent" (id, "userId", severity, reason, metadata, "createdAt") VALUES ('cmoyyexj0002ri1x0vtje42um', 'cmov6knsm0002i1r0qskuw2b4', 'HIGH', 'Fingerprint compartilhado entre múltiplas contas.', '{"linkedUsers": ["cmox0cfnu000ci14ogmgitmrg"]}', '2026-05-09 23:07:19.741');
INSERT INTO public."UserRiskEvent" (id, "userId", severity, reason, metadata, "createdAt") VALUES ('cmoyyeyci002xi1x0ypne6cvf', 'cmov6knsm0002i1r0qskuw2b4', 'HIGH', 'Fingerprint compartilhado entre múltiplas contas.', '{"linkedUsers": ["cmox0cfnu000ci14ogmgitmrg"]}', '2026-05-09 23:07:20.803');
INSERT INTO public."UserRiskEvent" (id, "userId", severity, reason, metadata, "createdAt") VALUES ('cmoyyez5u0033i1x0razacf76', 'cmov6knsm0002i1r0qskuw2b4', 'HIGH', 'Fingerprint compartilhado entre múltiplas contas.', '{"linkedUsers": ["cmox0cfnu000ci14ogmgitmrg"]}', '2026-05-09 23:07:21.859');
INSERT INTO public."UserRiskEvent" (id, "userId", severity, reason, metadata, "createdAt") VALUES ('cmoyyezzm0039i1x0ddvno3eh', 'cmov6knsm0002i1r0qskuw2b4', 'HIGH', 'Fingerprint compartilhado entre múltiplas contas.', '{"linkedUsers": ["cmox0cfnu000ci14ogmgitmrg"]}', '2026-05-09 23:07:22.93');
INSERT INTO public."UserRiskEvent" (id, "userId", severity, reason, metadata, "createdAt") VALUES ('cmoyyf133003fi1x0recx9vna', 'cmov6knsm0002i1r0qskuw2b4', 'HIGH', 'Fingerprint compartilhado entre múltiplas contas.', '{"linkedUsers": ["cmox0cfnu000ci14ogmgitmrg"]}', '2026-05-09 23:07:24.351');
INSERT INTO public."UserRiskEvent" (id, "userId", severity, reason, metadata, "createdAt") VALUES ('cmoyyf1wu003li1x07mt4xo3w', 'cmov6knsm0002i1r0qskuw2b4', 'HIGH', 'Fingerprint compartilhado entre múltiplas contas.', '{"linkedUsers": ["cmox0cfnu000ci14ogmgitmrg"]}', '2026-05-09 23:07:25.422');
INSERT INTO public."UserRiskEvent" (id, "userId", severity, reason, metadata, "createdAt") VALUES ('cmoyyf2ql003ri1x0cgx19n81', 'cmov6knsm0002i1r0qskuw2b4', 'HIGH', 'Fingerprint compartilhado entre múltiplas contas.', '{"linkedUsers": ["cmox0cfnu000ci14ogmgitmrg"]}', '2026-05-09 23:07:26.494');
INSERT INTO public."UserRiskEvent" (id, "userId", severity, reason, metadata, "createdAt") VALUES ('cmoyyf3jz003xi1x0xsgows23', 'cmov6knsm0002i1r0qskuw2b4', 'HIGH', 'Fingerprint compartilhado entre múltiplas contas.', '{"linkedUsers": ["cmox0cfnu000ci14ogmgitmrg"]}', '2026-05-09 23:07:27.551');
INSERT INTO public."UserRiskEvent" (id, "userId", severity, reason, metadata, "createdAt") VALUES ('cmoyyf4ds0043i1x07od0lotx', 'cmov6knsm0002i1r0qskuw2b4', 'HIGH', 'Fingerprint compartilhado entre múltiplas contas.', '{"linkedUsers": ["cmox0cfnu000ci14ogmgitmrg"]}', '2026-05-09 23:07:28.624');
INSERT INTO public."UserRiskEvent" (id, "userId", severity, reason, metadata, "createdAt") VALUES ('cmoyyf5780049i1x0ppah3ze9', 'cmov6knsm0002i1r0qskuw2b4', 'HIGH', 'Fingerprint compartilhado entre múltiplas contas.', '{"linkedUsers": ["cmox0cfnu000ci14ogmgitmrg"]}', '2026-05-09 23:07:29.684');
INSERT INTO public."UserRiskEvent" (id, "userId", severity, reason, metadata, "createdAt") VALUES ('cmoyyf60p004fi1x0ylt4jzpi', 'cmov6knsm0002i1r0qskuw2b4', 'HIGH', 'Fingerprint compartilhado entre múltiplas contas.', '{"linkedUsers": ["cmox0cfnu000ci14ogmgitmrg"]}', '2026-05-09 23:07:30.745');
INSERT INTO public."UserRiskEvent" (id, "userId", severity, reason, metadata, "createdAt") VALUES ('cmoyyf6u3004li1x0ypm6qd1n', 'cmov6knsm0002i1r0qskuw2b4', 'HIGH', 'Fingerprint compartilhado entre múltiplas contas.', '{"linkedUsers": ["cmox0cfnu000ci14ogmgitmrg"]}', '2026-05-09 23:07:31.804');
INSERT INTO public."UserRiskEvent" (id, "userId", severity, reason, metadata, "createdAt") VALUES ('cmoyyf7nx004ri1x09wgdyos0', 'cmov6knsm0002i1r0qskuw2b4', 'HIGH', 'Fingerprint compartilhado entre múltiplas contas.', '{"linkedUsers": ["cmox0cfnu000ci14ogmgitmrg"]}', '2026-05-09 23:07:32.877');
INSERT INTO public."UserRiskEvent" (id, "userId", severity, reason, metadata, "createdAt") VALUES ('cmoyyf889004xi1x0neqft1d9', 'cmov6knsm0002i1r0qskuw2b4', 'HIGH', 'Envio sem sessão de tarefa concluída.', '{"taskId": "cmox0cfki000ai14o8kq5ku3k"}', '2026-05-09 23:07:33.609');
INSERT INTO public."UserRiskEvent" (id, "userId", severity, reason, metadata, "createdAt") VALUES ('cmoyyf8mv0051i1x0komjn7cr', 'cmov6knsm0002i1r0qskuw2b4', 'HIGH', 'Fingerprint compartilhado entre múltiplas contas.', '{"linkedUsers": ["cmox0cfnu000ci14ogmgitmrg"]}', '2026-05-09 23:07:34.135');
INSERT INTO public."UserRiskEvent" (id, "userId", severity, reason, metadata, "createdAt") VALUES ('cmoyyf9gj0057i1x0nddprid7', 'cmov6knsm0002i1r0qskuw2b4', 'HIGH', 'Fingerprint compartilhado entre múltiplas contas.', '{"linkedUsers": ["cmox0cfnu000ci14ogmgitmrg"]}', '2026-05-09 23:07:35.204');
INSERT INTO public."UserRiskEvent" (id, "userId", severity, reason, metadata, "createdAt") VALUES ('cmoyyfa9w005di1x001apu7sq', 'cmov6knsm0002i1r0qskuw2b4', 'HIGH', 'Fingerprint compartilhado entre múltiplas contas.', '{"linkedUsers": ["cmox0cfnu000ci14ogmgitmrg"]}', '2026-05-09 23:07:36.26');
INSERT INTO public."UserRiskEvent" (id, "userId", severity, reason, metadata, "createdAt") VALUES ('cmoyyfb3b005ji1x0amberk5x', 'cmov6knsm0002i1r0qskuw2b4', 'HIGH', 'Fingerprint compartilhado entre múltiplas contas.', '{"linkedUsers": ["cmox0cfnu000ci14ogmgitmrg"]}', '2026-05-09 23:07:37.319');
INSERT INTO public."UserRiskEvent" (id, "userId", severity, reason, metadata, "createdAt") VALUES ('cmoyyfbwv005pi1x07w1y79mu', 'cmov6knsm0002i1r0qskuw2b4', 'HIGH', 'Fingerprint compartilhado entre múltiplas contas.', '{"linkedUsers": ["cmox0cfnu000ci14ogmgitmrg"]}', '2026-05-09 23:07:38.384');
INSERT INTO public."UserRiskEvent" (id, "userId", severity, reason, metadata, "createdAt") VALUES ('cmoyyfcq4005vi1x08p03txwb', 'cmov6knsm0002i1r0qskuw2b4', 'HIGH', 'Fingerprint compartilhado entre múltiplas contas.', '{"linkedUsers": ["cmox0cfnu000ci14ogmgitmrg"]}', '2026-05-09 23:07:39.437');
INSERT INTO public."UserRiskEvent" (id, "userId", severity, reason, metadata, "createdAt") VALUES ('cmoyyfdjl0061i1x0lmsim1jd', 'cmov6knsm0002i1r0qskuw2b4', 'HIGH', 'Fingerprint compartilhado entre múltiplas contas.', '{"linkedUsers": ["cmox0cfnu000ci14ogmgitmrg"]}', '2026-05-09 23:07:40.498');
INSERT INTO public."UserRiskEvent" (id, "userId", severity, reason, metadata, "createdAt") VALUES ('cmoyyfecx0067i1x07lqt7rf1', 'cmov6knsm0002i1r0qskuw2b4', 'HIGH', 'Fingerprint compartilhado entre múltiplas contas.', '{"linkedUsers": ["cmox0cfnu000ci14ogmgitmrg"]}', '2026-05-09 23:07:41.553');
INSERT INTO public."UserRiskEvent" (id, "userId", severity, reason, metadata, "createdAt") VALUES ('cmoyyff6g006di1x0atansn1t', 'cmov6knsm0002i1r0qskuw2b4', 'HIGH', 'Fingerprint compartilhado entre múltiplas contas.', '{"linkedUsers": ["cmox0cfnu000ci14ogmgitmrg"]}', '2026-05-09 23:07:42.616');
INSERT INTO public."UserRiskEvent" (id, "userId", severity, reason, metadata, "createdAt") VALUES ('cmoyyfh1f006li1x05jx39k7z', 'cmov6knsm0002i1r0qskuw2b4', 'HIGH', 'Fingerprint compartilhado entre múltiplas contas.', '{"linkedUsers": ["cmox0cfnu000ci14ogmgitmrg"]}', '2026-05-09 23:07:45.027');
INSERT INTO public."UserRiskEvent" (id, "userId", severity, reason, metadata, "createdAt") VALUES ('cmoyyfh1g006pi1x0hqey0oj2', 'cmov6knsm0002i1r0qskuw2b4', 'HIGH', 'Fingerprint compartilhado entre múltiplas contas.', '{"linkedUsers": ["cmox0cfnu000ci14ogmgitmrg"]}', '2026-05-09 23:07:45.029');
INSERT INTO public."UserRiskEvent" (id, "userId", severity, reason, metadata, "createdAt") VALUES ('cmoyyfy160075i1x0nblo536g', 'cmov6knsm0002i1r0qskuw2b4', 'HIGH', 'Fingerprint compartilhado entre múltiplas contas.', '{"linkedUsers": ["cmox0cfnu000ci14ogmgitmrg"]}', '2026-05-09 23:08:07.05');
INSERT INTO public."UserRiskEvent" (id, "userId", severity, reason, metadata, "createdAt") VALUES ('cmoyyg7uq0095i1x063hkjwxv', 'cmov6knsm0002i1r0qskuw2b4', 'HIGH', 'Fingerprint compartilhado entre múltiplas contas.', '{"linkedUsers": ["cmox0cfnu000ci14ogmgitmrg"]}', '2026-05-09 23:08:19.779');
INSERT INTO public."UserRiskEvent" (id, "userId", severity, reason, metadata, "createdAt") VALUES ('cmoyyfyuw007bi1x0pqyhy2zk', 'cmov6knsm0002i1r0qskuw2b4', 'HIGH', 'Fingerprint compartilhado entre múltiplas contas.', '{"linkedUsers": ["cmox0cfnu000ci14ogmgitmrg"]}', '2026-05-09 23:08:08.121');
INSERT INTO public."UserRiskEvent" (id, "userId", severity, reason, metadata, "createdAt") VALUES ('cmoyyg71b008zi1x05ij1v85h', 'cmov6knsm0002i1r0qskuw2b4', 'HIGH', 'Fingerprint compartilhado entre múltiplas contas.', '{"linkedUsers": ["cmox0cfnu000ci14ogmgitmrg"]}', '2026-05-09 23:08:18.719');
INSERT INTO public."UserRiskEvent" (id, "userId", severity, reason, metadata, "createdAt") VALUES ('cmoyyg9he009hi1x03lu6w4jg', 'cmov6knsm0002i1r0qskuw2b4', 'HIGH', 'Fingerprint compartilhado entre múltiplas contas.', '{"linkedUsers": ["cmox0cfnu000ci14ogmgitmrg"]}', '2026-05-09 23:08:21.891');
INSERT INTO public."UserRiskEvent" (id, "userId", severity, reason, metadata, "createdAt") VALUES ('cmoyyfzp1007hi1x0divl6wxp', 'cmov6knsm0002i1r0qskuw2b4', 'HIGH', 'Fingerprint compartilhado entre múltiplas contas.', '{"linkedUsers": ["cmox0cfnu000ci14ogmgitmrg"]}', '2026-05-09 23:08:09.206');
INSERT INTO public."UserRiskEvent" (id, "userId", severity, reason, metadata, "createdAt") VALUES ('cmoyyg0ip007ni1x0kw766bu5', 'cmov6knsm0002i1r0qskuw2b4', 'HIGH', 'Fingerprint compartilhado entre múltiplas contas.', '{"linkedUsers": ["cmox0cfnu000ci14ogmgitmrg"]}', '2026-05-09 23:08:10.274');
INSERT INTO public."UserRiskEvent" (id, "userId", severity, reason, metadata, "createdAt") VALUES ('cmoyyg2yk0085i1x0umh3cm19', 'cmov6knsm0002i1r0qskuw2b4', 'HIGH', 'Fingerprint compartilhado entre múltiplas contas.', '{"linkedUsers": ["cmox0cfnu000ci14ogmgitmrg"]}', '2026-05-09 23:08:13.437');
INSERT INTO public."UserRiskEvent" (id, "userId", severity, reason, metadata, "createdAt") VALUES ('cmoyyg5ed008ni1x0yx864w49', 'cmov6knsm0002i1r0qskuw2b4', 'HIGH', 'Fingerprint compartilhado entre múltiplas contas.', '{"linkedUsers": ["cmox0cfnu000ci14ogmgitmrg"]}', '2026-05-09 23:08:16.597');
INSERT INTO public."UserRiskEvent" (id, "userId", severity, reason, metadata, "createdAt") VALUES ('cmoyyg1c2007ti1x0gbs8dgh3', 'cmov6knsm0002i1r0qskuw2b4', 'HIGH', 'Fingerprint compartilhado entre múltiplas contas.', '{"linkedUsers": ["cmox0cfnu000ci14ogmgitmrg"]}', '2026-05-09 23:08:11.33');
INSERT INTO public."UserRiskEvent" (id, "userId", severity, reason, metadata, "createdAt") VALUES ('cmoyyg255007zi1x04w5mp1to', 'cmov6knsm0002i1r0qskuw2b4', 'HIGH', 'Fingerprint compartilhado entre múltiplas contas.', '{"linkedUsers": ["cmox0cfnu000ci14ogmgitmrg"]}', '2026-05-09 23:08:12.378');
INSERT INTO public."UserRiskEvent" (id, "userId", severity, reason, metadata, "createdAt") VALUES ('cmoyygab4009ni1x0s2ps6693', 'cmov6knsm0002i1r0qskuw2b4', 'HIGH', 'Fingerprint compartilhado entre múltiplas contas.', '{"linkedUsers": ["cmox0cfnu000ci14ogmgitmrg"]}', '2026-05-09 23:08:22.961');
INSERT INTO public."UserRiskEvent" (id, "userId", severity, reason, metadata, "createdAt") VALUES ('cmoyyg3rl008bi1x0o8oniumw', 'cmov6knsm0002i1r0qskuw2b4', 'HIGH', 'Fingerprint compartilhado entre múltiplas contas.', '{"linkedUsers": ["cmox0cfnu000ci14ogmgitmrg"]}', '2026-05-09 23:08:14.482');
INSERT INTO public."UserRiskEvent" (id, "userId", severity, reason, metadata, "createdAt") VALUES ('cmoyyg4kv008hi1x0iybak8jx', 'cmov6knsm0002i1r0qskuw2b4', 'HIGH', 'Fingerprint compartilhado entre múltiplas contas.', '{"linkedUsers": ["cmox0cfnu000ci14ogmgitmrg"]}', '2026-05-09 23:08:15.536');
INSERT INTO public."UserRiskEvent" (id, "userId", severity, reason, metadata, "createdAt") VALUES ('cmoyyg67r008ti1x0q9tgf0vk', 'cmov6knsm0002i1r0qskuw2b4', 'HIGH', 'Fingerprint compartilhado entre múltiplas contas.', '{"linkedUsers": ["cmox0cfnu000ci14ogmgitmrg"]}', '2026-05-09 23:08:17.655');
INSERT INTO public."UserRiskEvent" (id, "userId", severity, reason, metadata, "createdAt") VALUES ('cmoyyg8oh009bi1x02audh5yx', 'cmov6knsm0002i1r0qskuw2b4', 'HIGH', 'Fingerprint compartilhado entre múltiplas contas.', '{"linkedUsers": ["cmox0cfnu000ci14ogmgitmrg"]}', '2026-05-09 23:08:20.85');
INSERT INTO public."UserRiskEvent" (id, "userId", severity, reason, metadata, "createdAt") VALUES ('cmoyygb4n009ti1x010eo63v9', 'cmov6knsm0002i1r0qskuw2b4', 'HIGH', 'Fingerprint compartilhado entre múltiplas contas.', '{"linkedUsers": ["cmox0cfnu000ci14ogmgitmrg"]}', '2026-05-09 23:08:24.023');


--
-- Data for Name: UserSocialAccount; Type: TABLE DATA; Schema: public; Owner: postgres
--

INSERT INTO public."UserSocialAccount" (id, "userId", platform, "profileUrl", username, status, "connectedAt", "createdAt", "updatedAt") VALUES ('cmof7mh4n0009i1c869yrk5bu', 'cmof7mh4f0003i1c8dvtje852', 'INSTAGRAM', 'https://instagram.com/usuario_teste', '@usuario_teste', 'CONNECTED', '2026-04-26 03:30:47.156', '2026-04-26 03:29:44.76', '2026-04-26 03:30:47.158');
INSERT INTO public."UserSocialAccount" (id, "userId", platform, "profileUrl", username, status, "connectedAt", "createdAt", "updatedAt") VALUES ('cmof7mh4n000ai1c83ssefp4v', 'cmof7mh4f0003i1c8dvtje852', 'TIKTOK', 'https://tiktok.com/@usuario_teste', '@usuario_teste', 'CONNECTED', '2026-04-26 03:30:47.158', '2026-04-26 03:29:44.76', '2026-04-26 03:30:47.16');
INSERT INTO public."UserSocialAccount" (id, "userId", platform, "profileUrl", username, status, "connectedAt", "createdAt", "updatedAt") VALUES ('cmof7nta1000bi1ngsg3qxqed', 'cmof7mh4f0003i1c8dvtje852', 'FACEBOOK', 'https://facebook.com/usuario.teste', 'usuario.teste', 'CONNECTED', '2026-04-26 03:30:47.16', '2026-04-26 03:30:47.161', '2026-04-26 03:30:47.161');
INSERT INTO public."UserSocialAccount" (id, "userId", platform, "profileUrl", username, status, "connectedAt", "createdAt", "updatedAt") VALUES ('cmoyydrtd0001i1x03826dto2', 'cmov6knsm0002i1r0qskuw2b4', 'INSTAGRAM', 'https://www.instagram.com/nicollasperes', '@nicollasperes', 'PENDING', '2026-05-09 23:06:37.829', '2026-05-09 23:06:25.681', '2026-05-09 23:06:37.83');


--
-- Data for Name: WalletTransaction; Type: TABLE DATA; Schema: public; Owner: postgres
--

INSERT INTO public."WalletTransaction" (id, "userId", type, amount, description, "referenceId", "createdAt") VALUES ('cmof7mh5r001di1c86xbhh470', 'cmof7mh4f0003i1c8dvtje852', 'CREDIT', 900, 'Crédito por tarefa aprovada', 'cmof7mh5l0016i1c8nxtsdy03', '2026-04-26 03:29:44.8');
INSERT INTO public."WalletTransaction" (id, "userId", type, amount, description, "referenceId", "createdAt") VALUES ('cmof7mh5r001ei1c8cp7kgzbn', 'cmof7mh4f0003i1c8dvtje852', 'CREDIT', 800, 'Crédito por tarefa aprovada', 'cmof7mh5n0018i1c8zwjo4atp', '2026-04-26 03:29:44.8');
INSERT INTO public."WalletTransaction" (id, "userId", type, amount, description, "referenceId", "createdAt") VALUES ('cmof7mh5r001fi1c8cyjvhb5x', 'cmof7mh4f0003i1c8dvtje852', 'WITHDRAWAL_HOLD', 500, 'Saque solicitado anteriormente', 'seed-withdrawal', '2026-04-26 03:29:44.8');


--
-- Data for Name: WithdrawalRequest; Type: TABLE DATA; Schema: public; Owner: postgres
--

INSERT INTO public."WithdrawalRequest" (id, "userId", amount, "pixKey", status, "requestedAt", "reviewedAt", "paidAt", "rejectionReason") VALUES ('cmof7mh5w001hi1c8hpxnkasd', 'cmof7mh4f0003i1c8dvtje852', 500, '12345678900', 'PENDING', '2026-04-25 03:29:44.791', '1969-12-31 21:00:00', '1969-12-31 21:00:00', '');


--
-- Data for Name: WithdrawalRiskCheck; Type: TABLE DATA; Schema: public; Owner: postgres
--



--
-- PostgreSQL database dump complete
--

\unrestrict Po09VSMMSq7ksh0jDm9Z4xbbIrHqewNX4ULM8aUayYaaoHG34hGwsbQ8bXJlSf7

